file_name,text,caption
逢川ポッド屋奈々不思議 第00回_003.wav,9年正月が始まりまして皆さんいかがお過ごしでしょうか相川奈々ですはいえっと今月8日からなんと,落ち着いた大人の女性が、穏やかでしっとりとした声で話している。
逢川ポッド屋奈々不思議 第00回_004.wav,新しいウェブラジオが始まりますタイトルは相川ぽっとや七尾不思議というわけでウェブラジオがスタートしますのでぜひね,落ち着いた大人の女性が、穏やかでしっとりとした声で話している。
逢川ポッド屋奈々不思議 第00回_005.wav,こちらの方よろしくお付き合いくださいはい放送はですね各週金曜日に更新予定となっておりますのでまあ1週間おきにね,落ち着いた大人の女性が、穏やかでしっとりとした声で話している。
逢川ポッド屋奈々不思議 第00回_006.wav,更新されますのでぜひこちらの方スタジオポットさんの方のホームページをチェックして聞いていただければ嬉しいのでよろしくお願いします,落ち着いた大人の女性が、穏やかでしっとりとした声で話している。
逢川ポッド屋奈々不思議 第00回_007.wav,新しい番組が始まりますのでコーナーの方もね色々お便りを募集しようと思っておりますぜひこちらの方もお便りを送ってみてください,落ち着いた大人の女性が、穏やかでしっとりとした声で話している。
逢川ポッド屋奈々不思議 第00回_008.wav,七不思議なんでも盛り上げちゃうコーナーはいこのなんでも盛り上げちゃうコーナーはいわゆる皆様のよもやま話を募集しております,落ち着いた大人の女性が、穏やかでしっとりとした声で話している。
逢川ポッド屋奈々不思議 第00回_009.wav,こんなことがあったよこんなこと考えてるよこんなもの食べたよとかねそんなちょっとしたおしゃべりか何かをこちらに送っていただければと思いますのでぜひね,落ち着いた大人の女性が、穏やかでしっとりとした声で話している。
逢川ポッド屋奈々不思議 第00回_010.wav,あの皆様の何気ないこう日常を綴ったものを私にねあの送ってくださいポエムでもいいよポエムでもね頑張って元気よく読むんでねはいそんな感じで,落ち着いた大人の女性が、穏やかでしっとりとした声で話している。
逢川ポッド屋奈々不思議 第00回_012.wav,そしてもう一つです。はい、これはですね、ワンタン!ワンタン!ワンダーランド!,落ち着いた大人の女性が、穏やかでしっとりとした声で話している。
逢川ポッド屋奈々不思議 第00回_013.wav,はい、これだけではさっぱりわかりません。,落ち着いた大人の女性が、穏やかでしっとりとした声で話している。
逢川ポッド屋奈々不思議 第00回_014.wav,ワンタンは実はね略語なんですけれどもワンテーマ3単語の略なんですワンテーマ3単語はてどういうことか皆様に募集するのは,落ち着いた大人の女性が、穏やかでしっとりとした声で話している。
逢川ポッド屋奈々不思議 第00回_015.wav,3つの単語と1つのテーマですはい皆様が送ってくださった3つの単語と1つのテーマを使って私が,落ち着いた大人の女性が、穏やかでしっとりとした声で話している。
逢川ポッド屋奈々不思議 第00回_016.wav,今日で文章を考えるというコーナーでございます皆さんが送っていただくのは3つの単語と1つのテーマだけ例えばねえっとじゃあ今回テーマは,落ち着いた大人の女性が、穏やかでしっとりとした声で話している。
逢川ポッド屋奈々不思議 第00回_017.wav,火あぶりそして単語は乙女武器神はい実は私がもう一つやっている空想海軍広報というねサイトのところから引っ張ってきたんですけれども,落ち着いた大人の女性が、穏やかでしっとりとした声で話している。
逢川ポッド屋奈々不思議 第00回_018.wav,これで文章を作れというコーナーですはいじゃあ早速作ってみましょう乙女武器紙テーマは火あぶりいきます,落ち着いた大人の女性が、穏やかでしっとりとした声で話している。
逢川ポッド屋奈々不思議 第00回_019.wav,武器を集めるのが趣味だったが,落ち着いた大人の女性が、穏やかでしっとりとした声で話している。
逢川ポッド屋奈々不思議 第00回_020.wav,髪を振り乱し、,落ち着いた大人の女性が、穏やかでしっとりとした声で話している。
逢川ポッド屋奈々不思議 第00回_021.wav,魔女のコスプレを始めて,落ち着いた大人の女性が、穏やかでしっとりとした声で話している。
逢川ポッド屋奈々不思議 第00回_022.wav,ひやぶりだーとさけび、みんなにおどろかれた。,落ち着いた大人の女性が、穏やかでしっとりとした声で話している。
逢川ポッド屋奈々不思議 第00回_023.wav,こんな文章をこんな寒い文章を毎回考えるわけですよ私がなんてコーナーなんだろうというわけではいこんな感じで皆様は,落ち着いた大人の女性が、穏やかでしっとりとした声で話している。
逢川ポッド屋奈々不思議 第00回_024.wav,単語だけを送っていただければいいのでぜひじゃんじゃんこんな組み合わせないだろうと言えば言うほど多分無理無理な文章が出てきますのでぜひこちらの方送ってみてください,落ち着いた大人の女性が、穏やかでしっとりとした声で話している。
逢川ポッド屋奈々不思議 第00回_025.wav,そしてもう一つのコーナーです。これは魂のうなり。,落ち着いた大人の女性が、穏やかでしっとりとした声で話している。
逢川ポッド屋奈々不思議 第00回_026.wav,もしかしてどっかで聞いたことがあるかもしれないコーナーはいこれはもしアイテムが言葉を喋ったら何というかというコーナーになりますはいどっかで聞いたことがあるかもしれないコーナー,落ち着いた大人の女性が、穏やかでしっとりとした声で話している。
逢川ポッド屋奈々不思議 第00回_027.wav,ことがある人もいるかもしれませんが はいこちらでスタートしますはい今回はですねそうですねじゃあえっと募集するものを決めましょう 今回の,落ち着いた大人の女性が、穏やかでしっとりとした声で話している。
逢川ポッド屋奈々不思議 第00回_028.wav,次のアイテムは鉛筆です,落ち着いた大人の女性が、穏やかでしっとりとした声で話している。
逢川ポッド屋奈々不思議 第00回_029.wav,はい、というわけで一つ例を私が考えてみます。鉛筆のうなり。,落ち着いた大人の女性が、穏やかでしっとりとした声で話している。
逢川ポッド屋奈々不思議 第00回_030.wav,最近あんまり使われてない上に削られてないしでもまだまだ長さがあるから使ってほしいな,落ち着いた大人の女性が、穏やかでしっとりとした声で話している。
逢川ポッド屋奈々不思議 第00回_031.wav,はい、こんな感じです。これぐらいの短い方が採用されると思いますので、短ければ短いほど採用率が上がるというコーナーですので、ぜひこちらも送ってみてください。,落ち着いた大人の女性が、穏やかでしっとりとした声で話している。
逢川ポッド屋奈々不思議 第00回_032.wav,ください今回のお題は鉛筆です,落ち着いた大人の女性が、穏やかでしっとりとした声で話している。
逢川ポッド屋奈々不思議 第00回_033.wav,そしてさらにもう一つこれはバリバグーズコーナーというコーナーですこれは何かと言いますとですね,落ち着いた大人の女性が、穏やかでしっとりとした声で話している。
逢川ポッド屋奈々不思議 第00回_034.wav,アイカはポッドや七不思議でバリの魅力を伝えるコーナーですなんでアイカいきなりバリなのみたいな今までなんかバリとか話したことないじゃんとか思う人もいる,落ち着いた大人の女性が、穏やかでしっとりとした声で話している。
逢川ポッド屋奈々不思議 第00回_035.wav,かもしれませんがはいこれは社長の趣味のコーナーなのであのそのなんかバリの良さというのをですね愛かナナを通して一生懸命ってかむしろお前行けよっていうねそんな,落ち着いた大人の女性が、穏やかでしっとりとした声で話している。
逢川ポッド屋奈々不思議 第00回_036.wav,感じなんですけどでもね私バリってどこにあったか知らない本当知らなかったのなんか南だよぐらいしか思えないひどいねインドネシアって国にあるバリ島って聞いたこと,落ち着いた大人の女性が、穏やかでしっとりとした声で話している。
逢川ポッド屋奈々不思議 第00回_037.wav,ありますねなんか泳ぎに行くしまんだぐらい にしか思ってなかったんですが実はあの島も何気にいろいろ魅力があるそうです はいというわけで私はねー,落ち着いた大人の女性が、穏やかでしっとりとした声で話している。
逢川ポッド屋奈々不思議 第00回_038.wav,私はいつもお土産にえっと揚げニンニクをもらうんですけどそうなのでね揚げニンニクをもらってでもらってすぐにこういただきますって食べて駅について,落ち着いた大人の女性が、穏やかでしっとりとした声で話している。
逢川ポッド屋奈々不思議 第00回_039.wav,もうないのって感じなんですけどね美味しい食べ物もいっぱいあるはいそんなところですよバリってニンニクチップスのことしか考えてないじゃんって気もでもね実は実は,落ち着いた大人の女性が、穏やかでしっとりとした声で話している。
逢川ポッド屋奈々不思議 第00回_040.wav,そうえっとねスタジオポットではコーヒーを販売しておりますインドネシアバリコーヒーっていうのかよく知らないんですけどはい,落ち着いた大人の女性が、穏やかでしっとりとした声で話している。
逢川ポッド屋奈々不思議 第00回_041.wav,でもこのコーヒーうまいんですようまいんですよなのでねこちらの方も通信販売しておりますのでぜひ買ってみてくださいって言ったらくれないかなまあいいやはい,落ち着いた大人の女性が、穏やかでしっとりとした声で話している。
逢川ポッド屋奈々不思議 第00回_042.wav,そしてさらにもう一つ。はい、新しいラジオドラマが始まります。配信予定は1月13日にスタートする予定。しかもこれはですね。,落ち着いた大人の女性が、穏やかでしっとりとした声で話している。
逢川ポッド屋奈々不思議 第00回_043.wav,毎日平日毎日更新予定となっておりますよ頑張っておりますスタジオポットというわけでこのラジオタイトルは,落ち着いた大人の女性が、穏やかでしっとりとした声で話している。
逢川ポッド屋奈々不思議 第00回_044.wav,山盛美岡クロニクル,落ち着いた大人の女性が、穏やかでしっとりとした声で話している。
逢川ポッド屋奈々不思議 第00回_045.wav,というラジオドラマですしかも毎日更新なので1週間ぐらい忘れるとねあのバックナンバーとかもう聞けなくて何だったんだろうみたいなねそれぐらいの早いスピードで,落ち着いた大人の女性が、穏やかでしっとりとした声で話している。
逢川ポッド屋奈々不思議 第00回_046.wav,更新されますのでねはいこちらの方も聞いてみてくださいさらにこのラジオドラマはですねリスナーの皆様にもシナリオを募集しようと思っています,落ち着いた大人の女性が、穏やかでしっとりとした声で話している。
逢川ポッド屋奈々不思議 第00回_047.wav,そうですこの山盛美岡クロニクルにあなたも参加してみませんかというわけでぜひねあのシナリオラジオを聞いてみて2人がどういう2人かっていうのをちょっとね,落ち着いた大人の女性が、穏やかでしっとりとした声で話している。
逢川ポッド屋奈々不思議 第00回_048.wav,想像してもらってで新しいドラマを書いてもらって送っていただければこちらの方でね面白いものはあの採用してで放送させていただきますのでね,落ち着いた大人の女性が、穏やかでしっとりとした声で話している。
逢川ポッド屋奈々不思議 第00回_049.wav,ページの方にもですねあのハンドルネームなりお名前なりを載せていただく載せますので ぜひねこちらの方も送ってみてください1月13日配信予定ですそして,落ち着いた大人の女性が、穏やかでしっとりとした声で話している。
逢川ポッド屋奈々不思議 第00回_050.wav,こちらのドラマ、2人の掛け合いドラマなんですけれども、女性の方が,落ち着いた大人の女性が、穏やかでしっとりとした声で話している。
逢川ポッド屋奈々不思議 第00回_051.wav,山森もなこさんって人ですそして男性の方は三岡巨峰さんというこの2人のドラマになっております,落ち着いた大人の女性が、穏やかでしっとりとした声で話している。
逢川ポッド屋奈々不思議 第00回_052.wav,女性は私がやるんですけれども、男性の方はなんと。,落ち着いた大人の女性が、穏やかでしっとりとした声で話している。
逢川ポッド屋奈々不思議 第00回_053.wav,びっくりですよね。ちょっともうなんか名前言うだけでちょっと私今なんか気が遠くなっちゃったみたいなすごい方です。はい、というわけでこの2人のドラマが始まりますのでね、ぜひ聞いてください。,落ち着いた大人の女性が、穏やかでしっとりとした声で話している。
逢川ポッド屋奈々不思議 第00回_054.wav,聞いてみてくださいなんで囁き声なのというわけで早速ねあのまあ宣伝を兼ねてあの登場していただこうかと思いますので聞いてみてください,落ち着いた大人の女性が、穏やかでしっとりとした声で話している。
逢川ポッド屋奈々不思議 第00回_055.wav,こんにちは。三岡巨峰です。今年は新天地で頑張ります。私の名前は山森もなく、,落ち着いた大人の女性が、穏やかでしっとりとした声で話している。
逢川ポッド屋奈々不思議 第00回_056.wav,結構よろしくね。今年もいろいろかますわよ。期待しててね。,落ち着いた大人の女性が、穏やかでしっとりとした声で話している。
逢川ポッド屋奈々不思議 第00回_057.wav,三岡さん。何だい、モナコ。よろしくね。こちらこそ、よろしく。,落ち着いた大人の女性が、穏やかでしっとりとした声で話している。
逢川ポッド屋奈々不思議 第00回_058.wav,おーとか言って別になんか自画自賛してるわけじゃないですよいやもうなんかはいというわけで,落ち着いた大人の女性が、穏やかでしっとりとした声で話している。
逢川ポッド屋奈々不思議 第00回_059.wav,シナリオ募集しておりますので私今ちょっと舞い上がってますぜひシナリオの方送ってみてくださいそしてドラマの方もよろしく,落ち着いた大人の女性が、穏やかでしっとりとした声で話している。
逢川ポッド屋奈々不思議 第00回_060.wav,よろしくお願いします。楽しみにしていてください。というわけで、,落ち着いた大人の女性が、穏やかでしっとりとした声で話している。
逢川ポッド屋奈々不思議 第01回_002.wav,はい始まりましたラジオ番組あいかわの,落ち着いた大人の女性が、穏やかでしっとりとした声で話している。
逢川ポッド屋奈々不思議 第01回_003.wav,ポットや七不思議第1回目です,落ち着いた大人の女性が、穏やかでしっとりとした声で話している。
逢川ポッド屋奈々不思議 第01回_004.wav,はいというわけでね皆さんのお正月も終わりまして2009年がスタートしておりますがお正月皆さんいかが,落ち着いた大人の女性が、穏やかでしっとりとした声で話している。
逢川ポッド屋奈々不思議 第01回_005.wav,お過ごしでしたかねやっぱりおせちを食べたですとかずっとテレビを見てましたとか,落ち着いた大人の女性が、穏やかでしっとりとした声で話している。
逢川ポッド屋奈々不思議 第01回_006.wav,寝てましたとかねいろんな方がいらっしゃると思うんですけど初詣に行きましたとかね私はですねとりあえずあの1日は演技を担いでまずですね,落ち着いた大人の女性が、穏やかでしっとりとした声で話している。
逢川ポッド屋奈々不思議 第01回_007.wav,初詣に行ってきましたね今年もよろしくお願いいたしますって言っていつもよくしていただいてありがとうございますって言うと縁起がいいんです,落ち着いた大人の女性が、穏やかでしっとりとした声で話している。
逢川ポッド屋奈々不思議 第01回_008.wav,だからそれも言っておきましたただねそこは神社じゃなくてお寺だったのに私柏で打っちゃって,落ち着いた大人の女性が、穏やかでしっとりとした声で話している。
逢川ポッド屋奈々不思議 第01回_009.wav,周りの人に笑われちゃってね恥ずかしいとか違うじゃんって思ったんだけどまあでもそんな感じで,落ち着いた大人の女性が、穏やかでしっとりとした声で話している。
逢川ポッド屋奈々不思議 第01回_010.wav,はい新年早々初詣に行きまして2日3日はずっと,落ち着いた大人の女性が、穏やかでしっとりとした声で話している。
逢川ポッド屋奈々不思議 第01回_011.wav,ずっと年賀状を書いていました。年が明けてから年賀状を書くのが相川なんですけれども。,落ち着いた大人の女性が、穏やかでしっとりとした声で話している。
逢川ポッド屋奈々不思議 第01回_012.wav,はいそんな感じでであのちょっと私ダイエットをしなくちゃいけなくてですね はいそれで,落ち着いた大人の女性が、穏やかでしっとりとした声で話している。
逢川ポッド屋奈々不思議 第01回_013.wav,その期限が18日1月18日なのでそれなので4日は一生懸命,落ち着いた大人の女性が、穏やかでしっとりとした声で話している。
逢川ポッド屋奈々不思議 第01回_014.wav,運動をしていたらちょっと今なんか筋肉痛で全身が痛いというはい今日この頃でございますそんな感じで2009年も楽しくスタートして,落ち着いた大人の女性が、穏やかでしっとりとした声で話している。
逢川ポッド屋奈々不思議 第01回_015.wav,しておりますはいそういうわけでですねアイカーのポッドや七不思議ぜひ皆さん楽しんで聞いてくださいそれでは皆さん,落ち着いた大人の女性が、穏やかでしっとりとした声で話している。
逢川ポッド屋奈々不思議 第01回_017.wav,七尾不思議,落ち着いた大人の女性が、穏やかでしっとりとした声で話している。
逢川ポッド屋奈々不思議 第01回_018.wav,このコーナーは皆さんからのお便りを紹介するコーナーです,落ち着いた大人の女性が、穏やかでしっとりとした声で話している。
逢川ポッド屋奈々不思議 第01回_019.wav,リスナーさんの周りで起きた出来事や流行っていること、何でもいいので、じゃんじゃんこちらにお便りを送ってください。,落ち着いた大人の女性が、穏やかでしっとりとした声で話している。
逢川ポッド屋奈々不思議 第01回_020.wav,当然ながら今回は第1回放送なのでお便りが来ておりませんというわけでですね私自作のお便りを紹介させていただきます,落ち着いた大人の女性が、穏やかでしっとりとした声で話している。
逢川ポッド屋奈々不思議 第01回_021.wav,相川奈々さんからのお便りです,落ち着いた大人の女性が、穏やかでしっとりとした声で話している。
逢川ポッド屋奈々不思議 第01回_022.wav,相川奈々さんこんにちははいこんにちは 毎日寒いですが風邪などひいておりませんかはいさて2009年もスタートしましたが今年の目標や,落ち着いた大人の女性が、穏やかでしっとりとした声で話している。
逢川ポッド屋奈々不思議 第01回_023.wav,抱負がありましたら教えてくださいという自作自演のお便りを紹介させていただきました。ありがとうと自分に感謝しつつ、今年の目標や抱負なんです。,落ち着いた大人の女性が、穏やかでしっとりとした声で話している。
逢川ポッド屋奈々不思議 第01回_024.wav,いろいろあるんですけどねまずですねいつもより早起き,落ち着いた大人の女性が、穏やかでしっとりとした声で話している。
逢川ポッド屋奈々不思議 第01回_025.wav,はいこれをまず今年の目標にしようと思っています理想は朝5時に起きたいんですけれどもね実は先日,落ち着いた大人の女性が、穏やかでしっとりとした声で話している。
逢川ポッド屋奈々不思議 第01回_026.wav,なんだろう、徹夜をして、飲みに行ったんですけれども、徹夜をして、朝の5時に川べりを歩いていたんですが、意外と人がいるんですよね。,落ち着いた大人の女性が、穏やかでしっとりとした声で話している。
逢川ポッド屋奈々不思議 第01回_027.wav,みんなマラソンとかしてるんです川の土手沿いをずっとあとは犬の散歩をしたりとか自転車でずっと走っていったりとか結構みんな運動着を着て,落ち着いた大人の女性が、穏やかでしっとりとした声で話している。
逢川ポッド屋奈々不思議 第01回_028.wav,朝早くにね、朝の5時ですよ。ちょうど太陽が昇ってきて、すごく朝日が気持ちいい時間帯なんですけれどもね、5時、そうですね、もうちょっと時間が短くなってきて、,落ち着いた大人の女性が、穏やかでしっとりとした声で話している。
逢川ポッド屋奈々不思議 第01回_029.wav,昼が短くなるともうちょっとまだ暗い時間かもしれないんですけれどもそれぐらいの時間帯にみんな元気よく走ってるのを見て私ももっと早く,落ち着いた大人の女性が、穏やかでしっとりとした声で話している。
逢川ポッド屋奈々不思議 第01回_030.wav,早起きをすれば、こういう爽やかな朝が迎えられるんじゃないかなと思ったんです。はい、なので今年はいつもより早起きというのを目標にしたいんですが、なかなかこれも難しい。,落ち着いた大人の女性が、穏やかでしっとりとした声で話している。
逢川ポッド屋奈々不思議 第01回_031.wav,難しいんですよね私本当朝弱くてね起きられないんですよねもうほっとくと本当に気がついたらなんか昼だったっていうことがしょっちゅうだったりもした,落ち着いた大人の女性が、穏やかでしっとりとした声で話している。
逢川ポッド屋奈々不思議 第01回_032.wav,こともあるのでねこれははい今年の第一目標にしようと思っています,落ち着いた大人の女性が、穏やかでしっとりとした声で話している。
逢川ポッド屋奈々不思議 第01回_033.wav,というわけで皆さんからのお便りをもとにどんどん盛り上げていこうと思っておりますのでどしどしお便りを送ってください。お待ちしております。,落ち着いた大人の女性が、穏やかでしっとりとした声で話している。
逢川ポッド屋奈々不思議 第01回_034.wav,なんでも盛り上げちゃおうコーナーでしたワンタン!ワンダーランドの,落ち着いた大人の女性が、穏やかでしっとりとした声で話している。
逢川ポッド屋奈々不思議 第01回_036.wav,1つのテーマ、1テーマ、そして3つの単語、3単語で作る世界,落ち着いた大人の女性が、穏やかでしっとりとした声で話している。
逢川ポッド屋奈々不思議 第01回_037.wav,ワンダーランドという意味のコーナーなんですけれども皆さんからリスナーの皆さんから3つの単語を募集して1つのテーマを募集しそして,落ち着いた大人の女性が、穏やかでしっとりとした声で話している。
逢川ポッド屋奈々不思議 第01回_038.wav,その単語に基づいて、私、相川奈々が作文を即興で作るというコーナーになっております。,落ち着いた大人の女性が、穏やかでしっとりとした声で話している。
逢川ポッド屋奈々不思議 第01回_039.wav,例としてテーマを一つ決めて3つの単語をもう決まっておりますのでこれで私が作文を作ります,落ち着いた大人の女性が、穏やかでしっとりとした声で話している。
逢川ポッド屋奈々不思議 第01回_040.wav,こういうコーナーになるんですけれどもですねまずテーマがお正月,落ち着いた大人の女性が、穏やかでしっとりとした声で話している。
逢川ポッド屋奈々不思議 第01回_041.wav,そうですね、2009年も始まりましてお正月です。そして単語は、,落ち着いた大人の女性が、穏やかでしっとりとした声で話している。
逢川ポッド屋奈々不思議 第01回_042.wav,この3つ結構そう実は簡単なんですけれどもこれで即興で作文を作ろうと思います,落ち着いた大人の女性が、穏やかでしっとりとした声で話している。
逢川ポッド屋奈々不思議 第01回_043.wav,テーマ お正月,落ち着いた大人の女性が、穏やかでしっとりとした声で話している。
逢川ポッド屋奈々不思議 第01回_044.wav,2009年が始まって,落ち着いた大人の女性が、穏やかでしっとりとした声で話している。
逢川ポッド屋奈々不思議 第01回_045.wav,なんだか夜中は吹雪になりそうなので私はこたつに,落ち着いた大人の女性が、穏やかでしっとりとした声で話している。
逢川ポッド屋奈々不思議 第01回_046.wav,こんな感じですはいそう作りやすいようにとても簡単な単語にしてあるんですけれどもねはいこういう感じで皆さんもねぜひ,落ち着いた大人の女性が、穏やかでしっとりとした声で話している。
逢川ポッド屋奈々不思議 第01回_047.wav,テーマ、一つのテーマ、そして三つの単語を,落ち着いた大人の女性が、穏やかでしっとりとした声で話している。
逢川ポッド屋奈々不思議 第01回_048.wav,ラジオの方に送って,落ち着いた大人の女性が、穏やかでしっとりとした声で話している。
逢川ポッド屋奈々不思議 第01回_049.wav,いただけると嬉しいです,落ち着いた大人の女性が、穏やかでしっとりとした声で話している。
逢川ポッド屋奈々不思議 第01回_050.wav,ワンタンワンダーランドでした。,落ち着いた大人の女性が、穏やかでしっとりとした声で話している。
逢川ポッド屋奈々不思議 第01回_051.wav,バリバグースコーナーこのコーナーはバリ島の魅力を,落ち着いた大人の女性が、穏やかでしっとりとした声で話している。
逢川ポッド屋奈々不思議 第01回_052.wav,伝えるコーナーですバリ島を知らない人にもバリ島の魅力を分かってもらうむしろ別れというコーナーなんですけれどもこのコーナーは,落ち着いた大人の女性が、穏やかでしっとりとした声で話している。
逢川ポッド屋奈々不思議 第01回_053.wav,社長の趣味のコーナーでもありまして毎回ですね社長がコラムを書いてくださいましてそして私が読むというコーナーでもあります,落ち着いた大人の女性が、穏やかでしっとりとした声で話している。
逢川ポッド屋奈々不思議 第01回_054.wav,というわけで第1回目いきます,落ち着いた大人の女性が、穏やかでしっとりとした声で話している。
逢川ポッド屋奈々不思議 第01回_055.wav,初めてバリ島を訪れたというか知ったのが今から約15年前と言ってもバリ島は観光地やリゾート地として,落ち着いた大人の女性が、穏やかでしっとりとした声で話している。
逢川ポッド屋奈々不思議 第01回_056.wav,栄えすでにもう10年も経っていた時期でした初のバリ島旅行はわずか5日,落ち着いた大人の女性が、穏やかでしっとりとした声で話している。
逢川ポッド屋奈々不思議 第01回_057.wav,5日間の滞在。5日ではバリの魅力のほんのさわり程度でしたが、とにかくカルチャーショックというか、うわー海外に来たーという思いでした。,落ち着いた大人の女性が、穏やかでしっとりとした声で話している。
逢川ポッド屋奈々不思議 第01回_058.wav,それからほぼ毎年バリ島へ出かけること10回行けない年もあったり年に2度行けたりで平均すると1年半に1度,落ち着いた大人の女性が、穏やかでしっとりとした声で話している。
逢川ポッド屋奈々不思議 第01回_059.wav,という感じでしょうか近い将来別荘を建て3ヶ月おきくらいに行くことを計画しています,落ち着いた大人の女性が、穏やかでしっとりとした声で話している。
逢川ポッド屋奈々不思議 第01回_060.wav,最近の情報では特に日本人女性のリピーターが多くナンバーワンだそうです,落ち着いた大人の女性が、穏やかでしっとりとした声で話している。
逢川ポッド屋奈々不思議 第01回_061.wav,スーパーは特に有名ですからね女性に人気なのも伺えますバリの人って男も女も日本人女性が好きという,落ち着いた大人の女性が、穏やかでしっとりとした声で話している。
逢川ポッド屋奈々不思議 第01回_063.wav,さてそんなバリ島の魅力を伝えるこのコーナーですが第1回目はまず食べ物を紹介したいと思いますといっても,落ち着いた大人の女性が、穏やかでしっとりとした声で話している。
逢川ポッド屋奈々不思議 第01回_064.wav,今回だけでは紹介し尽くせないので今後何度もこのバリの食べ物について連れて行こうと思いますつづく,落ち着いた大人の女性が、穏やかでしっとりとした声で話している。
逢川ポッド屋奈々不思議 第01回_065.wav,はい、というコーナーです。毎回毎回バリ島の魅力について社長が延々と語るというコーナーなんですけれどもね、確かにね,落ち着いた大人の女性が、穏やかでしっとりとした声で話している。
逢川ポッド屋奈々不思議 第01回_066.wav,美味しそうな食べ物がいっぱいあるところなんですよねと言っても私もまだ行ったことがありませんどうなることやらこのコーナーというわけでいよいよ次回,落ち着いた大人の女性が、穏やかでしっとりとした声で話している。
逢川ポッド屋奈々不思議 第01回_067.wav,バリの食べ物の全貌第1弾が明らかにお楽しみに,落ち着いた大人の女性が、穏やかでしっとりとした声で話している。
逢川ポッド屋奈々不思議 第01回_069.wav,山盛りもなこが行く私の名前は山盛りもなこ趣味はファミコン,落ち着いた大人の女性が、穏やかでしっとりとした声で話している。
逢川ポッド屋奈々不思議 第01回_070.wav,特技は空手さて今日の一言電車の中で携帯電話でお話ししちゃダメよ,落ち着いた大人の女性が、穏やかでしっとりとした声で話している。
逢川ポッド屋奈々不思議 第01回_071.wav,今日電車の中で一人若い人が携帯電話でお話ししてたんだけれどもよっぽどケリオ,落ち着いた大人の女性が、穏やかでしっとりとした声で話している。
逢川ポッド屋奈々不思議 第01回_072.wav,というわけで、相川のポットや七不思議も終わりに近づいてまいりました。こんな感じですが、いかがでしょうか。まだね、第一回目なので、実は…,落ち着いた大人の女性が、穏やかでしっとりとした声で話している。
逢川ポッド屋奈々不思議 第01回_074.wav,ますのでよろしくお付き合いください なお山盛美岡クロニクルというボイスドラマが,落ち着いた大人の女性が、穏やかでしっとりとした声で話している。
逢川ポッド屋奈々不思議 第01回_075.wav,1月13日火曜日からスタートします土日祝日を除く毎日の祝日をお祝いします,落ち着いた大人の女性が、穏やかでしっとりとした声で話している。
逢川ポッド屋奈々不思議 第01回_076.wav,毎日更新予定となっておりますのでそちらの方もぜひぜひ聞いてみてください,落ち着いた大人の女性が、穏やかでしっとりとした声で話している。
逢川ポッド屋奈々不思議 第01回_077.wav,そしてこの番組ではお便りを募集して,落ち着いた大人の女性が、穏やかでしっとりとした声で話している。
逢川ポッド屋奈々不思議 第01回_078.wav,ております 7不思議何でも盛り上げちゃおうコーナーそしてワンタンワンダーランドさらに魂のうなり魂の,落ち着いた大人の女性が、穏やかでしっとりとした声で話している。
逢川ポッド屋奈々不思議 第01回_079.wav,うなりコーナーでは鉛筆をテーマに募集しておりますこちらの方もですねぜひ皆様のお便りをお待ちしております,落ち着いた大人の女性が、穏やかでしっとりとした声で話している。
逢川ポッド屋奈々不思議 第01回_080.wav,相川のポットや七不思議でした次回をお楽しみに,落ち着いた大人の女性が、穏やかでしっとりとした声で話している。
逢川ポッド屋奈々不思議 第18回 （逢川奈々）_001.wav,はいかわいいみなさんこんにちは,落ち着いた大人の女性が、穏やかでしっとりとした声で話している。
逢川ポッド屋奈々不思議 第18回 （逢川奈々）_002.wav,アイカは7ですはいアイカはポットや7不思議第18回,落ち着いた大人の女性が、穏やかでしっとりとした声で話している。
逢川ポッド屋奈々不思議 第18回 （逢川奈々）_013.wav,ご視聴ありがとうございました,落ち着いた大人の女性が、穏やかでしっとりとした声で話している。
逢川ポッド屋奈々不思議 第18回 （逢川奈々）_014.wav,七不思議何でも盛り上げちゃおうコーナー,落ち着いた大人の女性が、穏やかでしっとりとした声で話している。
逢川ポッド屋奈々不思議 第18回 （逢川奈々）_015.wav,このコーナーは皆さんからのお便りを紹介するコーナーです。今回もお便り本当にどうもありがとうございます。,落ち着いた大人の女性が、穏やかでしっとりとした声で話している。
逢川ポッド屋奈々不思議 第18回 （逢川奈々）_016.wav,ありがとう!はい、というわけで、じゃんじゃん紹介していきたいと思いまーす。まずは、トルピオGTさんからのお便りです。ありがとうございます。,落ち着いた大人の女性が、穏やかでしっとりとした声で話している。
逢川ポッド屋奈々不思議 第18回 （逢川奈々）_017.wav,はいカナナさんこんにちははいこんにちはありがとうございますおととい1万2000円をゲットいたしましたこのお金なんだと思います?,落ち着いた大人の女性が、穏やかでしっとりとした声で話している。
逢川ポッド屋奈々不思議 第18回 （逢川奈々）_018.wav,そう、今更ながらの低額給付金です。こんな時期なんですっかり忘れておりました。,落ち着いた大人の女性が、穏やかでしっとりとした声で話している。
逢川ポッド屋奈々不思議 第18回 （逢川奈々）_019.wav,このありがたいお金を使い、日本に活気をつけていきたいところなんですが、いざ使い道を考えると、靴下に穴開いちゃったから買い替えるかもしれない。,落ち着いた大人の女性が、穏やかでしっとりとした声で話している。
逢川ポッド屋奈々不思議 第18回 （逢川奈々）_020.wav,とかTシャツヨレヨレだしなーとかもう本当にこんなんで日本は柿がつくのかよというようなものばかり本当に日本のためにならない,落ち着いた大人の女性が、穏やかでしっとりとした声で話している。
逢川ポッド屋奈々不思議 第18回 （逢川奈々）_021.wav,とですね私はナナさんはこの定額給付金どうされました計画中の旅費はたまた貯金ってこんなこと聞いていいのかわからないですけどもしよろしければお願い,落ち着いた大人の女性が、穏やかでしっとりとした声で話している。
逢川ポッド屋奈々不思議 第18回 （逢川奈々）_022.wav,これって締め切りもうすぐでしたっけ終わっちゃったんでしたっけ,落ち着いた大人の女性が、穏やかでしっとりとした声で話している。
逢川ポッド屋奈々不思議 第18回 （逢川奈々）_023.wav,私もうなんか何もやってないこれあーなんか山盛美岡クロニクルで低額給付金何使ったとか言ってるくせに自分は何もやっ,落ち着いた大人の女性が、穏やかでしっとりとした声で話している。
逢川ポッド屋奈々不思議 第18回 （逢川奈々）_024.wav,あーもう確か9月中に締め切りだったような気がするのなんて素晴らしい情報ありがとうございますって,落ち着いた大人の女性が、穏やかでしっとりとした声で話している。
逢川ポッド屋奈々不思議 第18回 （逢川奈々）_025.wav,感じなんだけどもうどうしよう私今すごい混乱している確か,落ち着いた大人の女性が、穏やかでしっとりとした声で話している。
逢川ポッド屋奈々不思議 第18回 （逢川奈々）_026.wav,そう定額給付金はその手に入れるまでにいろんな書類を確か出さなくちゃいけなくてそれがめんどくさいなぁ今度やろう今度やろうと思ってるうちに,落ち着いた大人の女性が、穏やかでしっとりとした声で話している。
逢川ポッド屋奈々不思議 第18回 （逢川奈々）_027.wav,とうとうこんなネタがね来てしまってなんだよ今年あいかは計画倒れだらけだよもうって思うもうグダグダなんですけどねほんとグダグダ計画,落ち着いた大人の女性が、穏やかでしっとりとした声で話している。
逢川ポッド屋奈々不思議 第18回 （逢川奈々）_028.wav,ダオレマンになっちゃってるんですけどねそうだ定額給付金12000円でしょ多分ね通販の支払いに,落ち着いた大人の女性が、穏やかでしっとりとした声で話している。
逢川ポッド屋奈々不思議 第18回 （逢川奈々）_029.wav,冷えるねこれは本当にきっとそんな気がします1万2000円多分通販の支払いですよでも今年はなかなかねなんか珍しく,落ち着いた大人の女性が、穏やかでしっとりとした声で話している。
逢川ポッド屋奈々不思議 第18回 （逢川奈々）_030.wav,"珍しく珍しく今年は気道楽だったなんかいろんな洋服を買っちまったよって感じなんですけれどもねまた来年からこれであとそうですね4,5年ぐらいは同じ服",落ち着いた大人の女性が、穏やかでしっとりとした声で話している。
逢川ポッド屋奈々不思議 第18回 （逢川奈々）_031.wav,で大丈夫かななんて思ってるんですけども ねはいそんなところ,落ち着いた大人の女性が、穏やかでしっとりとした声で話している。
逢川ポッド屋奈々不思議 第18回 （逢川奈々）_032.wav,はい、次のお便りです。はい、工事アットワークさんからのお便りです。ありがとうございます。ナナさん、こんにちは。はい、ありがとうございます。,落ち着いた大人の女性が、穏やかでしっとりとした声で話している。
逢川ポッド屋奈々不思議 第18回 （逢川奈々）_033.wav,最近汗もに悩まされている工事アットワークですここ数年自宅のクーラーは絶対に使わないという自分ルールを守り続けた結果この時期は汗もができ,落ち着いた大人の女性が、穏やかでしっとりとした声で話している。
逢川ポッド屋奈々不思議 第18回 （逢川奈々）_034.wav,行きやすくなってしまいました。特に休みの日に自転車をこぐと手首に汗がたまり、そこが汗もになってしまいます。この時期女性も同じように汗もの悩みなどあるのでしょうか。,落ち着いた大人の女性が、穏やかでしっとりとした声で話している。
逢川ポッド屋奈々不思議 第18回 （逢川奈々）_035.wav,というね、お便りです。ありがとうございます。はい、えっと、今年ことごとく計画倒れまくりんぐないかなな、唯一これだけは守れた、なんと,落ち着いた大人の女性が、穏やかでしっとりとした声で話している。
逢川ポッド屋奈々不思議 第18回 （逢川奈々）_036.wav,クーラーなしで過ごせたんです今年クーラーなし扇風機なしでね夏を過ごせたこれはね本当にもう初めてかもしれない,落ち着いた大人の女性が、穏やかでしっとりとした声で話している。
逢川ポッド屋奈々不思議 第18回 （逢川奈々）_037.wav,もうなんか何十年ぶりじゃんはいそんな感じですよ本当に何十年ぶりってお前はなんか80歳かって感じなんですけどもねまあいいや,落ち着いた大人の女性が、穏やかでしっとりとした声で話している。
逢川ポッド屋奈々不思議 第18回 （逢川奈々）_038.wav,それを置いといてそうそんなですよあのね本当にアツさんにはまるっきり弱いんですけど今年は頑張ったたださすがにね,落ち着いた大人の女性が、穏やかでしっとりとした声で話している。
逢川ポッド屋奈々不思議 第18回 （逢川奈々）_039.wav,夜中はつらかった。夜中に小窓を開けて窓を開けて。朝くらいはだいたい涼しいんですよね。どんな時でも。,落ち着いた大人の女性が、穏やかでしっとりとした声で話している。
逢川ポッド屋奈々不思議 第18回 （逢川奈々）_040.wav,ここまでが寝られない。でも寝られない時にいい方法があったんです。発見したんです。,落ち着いた大人の女性が、穏やかでしっとりとした声で話している。
逢川ポッド屋奈々不思議 第18回 （逢川奈々）_041.wav,水風呂に入る。これはね、効きますね。,落ち着いた大人の女性が、穏やかでしっとりとした声で話している。
逢川ポッド屋奈々不思議 第18回 （逢川奈々）_042.wav,寒い時やっちゃダメですよ風邪ひくからね暑い時もう寝られん汗だらけって時に水風呂に入る,落ち着いた大人の女性が、穏やかでしっとりとした声で話している。
逢川ポッド屋奈々不思議 第18回 （逢川奈々）_043.wav,結構適面に涼しくなりいい気分でぐっすり眠れるということを発見しまして来年もこの方法でいけるんじゃないか,落ち着いた大人の女性が、穏やかでしっとりとした声で話している。
逢川ポッド屋奈々不思議 第18回 （逢川奈々）_044.wav,かろうかなんて思っているところに水風呂って言ってもね こうなんだろう方まで浸かるぐらい並々とお水を溜めなくていいんですよ本当にあの半身浴でいいんですお水の半身浴です,落ち着いた大人の女性が、穏やかでしっとりとした声で話している。
逢川ポッド屋奈々不思議 第18回 （逢川奈々）_045.wav,お水の半身浴ぐらいのお腹ぐらいまで水を溜めて適当に使っているとそれなりに涼しく,落ち着いた大人の女性が、穏やかでしっとりとした声で話している。
逢川ポッド屋奈々不思議 第18回 （逢川奈々）_046.wav,なるのでそのまま寝てしまいみたいなね そうなんで今年はねなんとクーラーなしそして,落ち着いた大人の女性が、穏やかでしっとりとした声で話している。
逢川ポッド屋奈々不思議 第18回 （逢川奈々）_047.wav,工事アットワークさんがおっしゃっている汗も,落ち着いた大人の女性が、穏やかでしっとりとした声で話している。
逢川ポッド屋奈々不思議 第18回 （逢川奈々）_048.wav,汗もはできませんね、私は。肌はね、なんだろう、吹き出物とかかぶれ物とかに悩まされたことはあんまりないんです。なんか以前…,落ち着いた大人の女性が、穏やかでしっとりとした声で話している。
逢川ポッド屋奈々不思議 第18回 （逢川奈々）_049.wav,レッスンに出ていた先生が、珍しくレッスンをお休みされて、本当に休まない先生だったんですけど、珍しくお休みされたと思ったら、,落ち着いた大人の女性が、穏やかでしっとりとした声で話している。
逢川ポッド屋奈々不思議 第18回 （逢川奈々）_050.wav,次の週に実はなんか急にねこう吹き出物がパーッとできちゃって病院行ったら疲れてますねって言われたのとかおっしゃっててねあれまあそんなんでもなんか,落ち着いた大人の女性が、穏やかでしっとりとした声で話している。
逢川ポッド屋奈々不思議 第18回 （逢川奈々）_051.wav,でも乗ってできるんだと思うんですけどそういうのもないんですよね 私が唯一こういうので困るのかですね,落ち着いた大人の女性が、穏やかでしっとりとした声で話している。
逢川ポッド屋奈々不思議 第18回 （逢川奈々）_052.wav,今年はなんか汗もは全然心配なかったんですけど、蚊には悩まされましたね。なんでこんなに食べ尽くすんだろうみたいなね。あれなんですかね、その蚊は今頃なんか。,落ち着いた大人の女性が、穏やかでしっとりとした声で話している。
逢川ポッド屋奈々不思議 第18回 （逢川奈々）_053.wav,子供がいっぱいできてる頃なんですかね、ボウフラとかがどっかに住んでるんですかね、私の栄養を持ってってみんなボウフラに化けてるんですかね、なんて考えているんですけどね。,落ち着いた大人の女性が、穏やかでしっとりとした声で話している。
逢川ポッド屋奈々不思議 第18回 （逢川奈々）_054.wav,はい、そんな感じです。なんでアセモからボウフランの話になるのかよくわかりませんが、はい、あのアセモかこれはあれじゃないかな。,落ち着いた大人の女性が、穏やかでしっとりとした声で話している。
逢川ポッド屋奈々不思議 第18回 （逢川奈々）_055.wav,肌体質なんでしょうねきっとねだからこまめに汗を拭くとかあとはなるべくこうなんだろう,落ち着いた大人の女性が、穏やかでしっとりとした声で話している。
逢川ポッド屋奈々不思議 第18回 （逢川奈々）_056.wav,汗を拭いたら目に拭くあとはなるべく汗をかかない場所にいる難しいですねこれだけは体質なのでね本当になんかひどくならない,落ち着いた大人の女性が、穏やかでしっとりとした声で話している。
逢川ポッド屋奈々不思議 第18回 （逢川奈々）_057.wav,なるといいですねとしか言いようがないんですけれども本当にいつもお便りどうもありがとうございます,落ち着いた大人の女性が、穏やかでしっとりとした声で話している。
逢川ポッド屋奈々不思議 第18回 （逢川奈々）_058.wav,はい次です,落ち着いた大人の女性が、穏やかでしっとりとした声で話している。
逢川ポッド屋奈々不思議 第18回 （逢川奈々）_059.wav,アーフィーさんからのお便りですありがとうございます相川さんおはこんばんはアーフィーですはいありがとうございます早速買ってきましたよ,落ち着いた大人の女性が、穏やかでしっとりとした声で話している。
逢川ポッド屋奈々不思議 第18回 （逢川奈々）_060.wav,黄昏にきらめく白金の九眼。,落ち着いた大人の女性が、穏やかでしっとりとした声で話している。
逢川ポッド屋奈々不思議 第18回 （逢川奈々）_061.wav,オープニングムービーがとってもかっこよくて面白そうです。これからがっつりとプレイして楽しみたいと思います。相川さんの声をこれでもかと聞かせてもらいますね。推進。,落ち着いた大人の女性が、穏やかでしっとりとした声で話している。
逢川ポッド屋奈々不思議 第18回 （逢川奈々）_062.wav,冬コミ申し込みました。当選すれば、相川奈々応援本も持っていこうと思っています。あー、冬コミ当たるといいですね。なかなか連続でね、当たるのは。,落ち着いた大人の女性が、穏やかでしっとりとした声で話している。
逢川ポッド屋奈々不思議 第18回 （逢川奈々）_063.wav,大変らしいですけどね当たるように私も陰ながら祈っております,落ち着いた大人の女性が、穏やかでしっとりとした声で話している。
逢川ポッド屋奈々不思議 第18回 （逢川奈々）_064.wav,クロックアップさん、とうとう出演できましたよ。いやー。,落ち着いた大人の女性が、穏やかでしっとりとした声で話している。
逢川ポッド屋奈々不思議 第18回 （逢川奈々）_065.wav,ここだけの話していいですか?あの皆さん黒藍ってご存知ですか?黒藍。私あの頃から実はひっそり憧れてたメーカーさんだったんですよね。これ出たいなぁ。,落ち着いた大人の女性が、穏やかでしっとりとした声で話している。
逢川ポッド屋奈々不思議 第18回 （逢川奈々）_066.wav,と思っていたら、本当に巡り合いましたね。はい、そうなんです。本当にすごい。絵も本当に可愛いしね。ただね、私は、,落ち着いた大人の女性が、穏やかでしっとりとした声で話している。
逢川ポッド屋奈々不思議 第18回 （逢川奈々）_067.wav,私がやった二見ってキャラは嫌いな人は嫌いだと思うんですよね。だって本当に性格悪いんだもん。びっくりしちゃった。,落ち着いた大人の女性が、穏やかでしっとりとした声で話している。
逢川ポッド屋奈々不思議 第18回 （逢川奈々）_068.wav,性格悪いからね。最初読んだ時びっくりした。この子は一体何に腹立ってるんですかって聞いちゃったもんね、本当にね。,落ち着いた大人の女性が、穏やかでしっとりとした声で話している。
逢川ポッド屋奈々不思議 第18回 （逢川奈々）_069.wav,はいまあねそれの種明かしをしてくださってメーカーさんがねまあそれはゲームをやっていただければと思うんですけれどもね本当最初はねびっくりした,落ち着いた大人の女性が、穏やかでしっとりとした声で話している。
逢川ポッド屋奈々不思議 第18回 （逢川奈々）_070.wav,性格悪いこの女とか思って,落ち着いた大人の女性が、穏やかでしっとりとした声で話している。
逢川ポッド屋奈々不思議 第18回 （逢川奈々）_071.wav,でもねああいうのってやってる方はお芝居してる方は面白かったりするんですよね私だって人にこんな意地悪言えないもん本当に初心者だから,落ち着いた大人の女性が、穏やかでしっとりとした声で話している。
逢川ポッド屋奈々不思議 第18回 （逢川奈々）_072.wav,そんなでもねなんかつい最近にまあある人と超大喧嘩をしてしまい実はでねでもね相手もまた全然話を聞かない人なんですよねもうそう,落ち着いた大人の女性が、穏やかでしっとりとした声で話している。
逢川ポッド屋奈々不思議 第18回 （逢川奈々）_073.wav,挙句の果てにもうワーワーワーワー言い出しちゃってねちょっとねもういいやと思って私の方はもう途中から黙ったんですけどね皆さんやっぱりねあの世の中仲良く生きて,落ち着いた大人の女性が、穏やかでしっとりとした声で話している。
逢川ポッド屋奈々不思議 第18回 （逢川奈々）_074.wav,生きていくのが一番いいですよねと思いませんか今回は超内輪話をしてしまいましたというわけでアーフィーさんどうもありがとうございます正直これ,落ち着いた大人の女性が、穏やかでしっとりとした声で話している。
逢川ポッド屋奈々不思議 第18回 （逢川奈々）_075.wav,本当になんかキャラクターにしても、なんだかね、とっても気になるけど、見て見ぬふりをしておりますよ。ほんとドキドキする。まあ、そんなわけです。はい、というわけで、,落ち着いた大人の女性が、穏やかでしっとりとした声で話している。
逢川ポッド屋奈々不思議 第18回 （逢川奈々）_076.wav,というわけで七不思議何でも盛り上げちゃおうコーナー皆さんからのお便りを,落ち着いた大人の女性が、穏やかでしっとりとした声で話している。
逢川ポッド屋奈々不思議 第18回 （逢川奈々）_080.wav,作文を作るというコーナーでございますはいというわけで今回はおなじみあの方が登場ですはいスーパーアールさんからのお便りですありがとうございます,落ち着いた大人の女性が、穏やかでしっとりとした声で話している。
逢川ポッド屋奈々不思議 第18回 （逢川奈々）_081.wav,はいナナさんこんにちはスーパーアールですはいありがとうございます最近ここの採用率が下がってますがお便りが増えているのは喜,落ち着いた大人の女性が、穏やかでしっとりとした声で話している。
逢川ポッド屋奈々不思議 第18回 （逢川奈々）_082.wav,詳しいことですのでボツは覚悟の上で一応保険的に出しておきますこの粘り強さ相川奈々は買うね,落ち着いた大人の女性が、穏やかでしっとりとした声で話している。
逢川ポッド屋奈々不思議 第18回 （逢川奈々）_083.wav,本当にね、こういう粘り強さはもう大いにここで発揮してください。はい、というわけで本当にどうもありがとう。どうもありがとう。どうもありがとう。そして、,落ち着いた大人の女性が、穏やかでしっとりとした声で話している。
逢川ポッド屋奈々不思議 第18回 （逢川奈々）_084.wav,テーマ、防災訓練。そして単語、寄進者。,落ち着いた大人の女性が、穏やかでしっとりとした声で話している。
逢川ポッド屋奈々不思議 第18回 （逢川奈々）_085.wav,寄進者ってあれかななんだっけ,落ち着いた大人の女性が、穏やかでしっとりとした声で話している。
逢川ポッド屋奈々不思議 第18回 （逢川奈々）_086.wav,よくテレビであるよね、震度6、ゴトゴトゴトゴトって言って、車がこう揺れるやつ、あれのこと言ってるのかしら。あー、なんて、なんだかもう、よし、じゃあこれで行こう。,落ち着いた大人の女性が、穏やかでしっとりとした声で話している。
逢川ポッド屋奈々不思議 第18回 （逢川奈々）_087.wav,防災訓練,落ち着いた大人の女性が、穏やかでしっとりとした声で話している。
逢川ポッド屋奈々不思議 第18回 （逢川奈々）_088.wav,会社の防災訓練だ。,落ち着いた大人の女性が、穏やかでしっとりとした声で話している。
逢川ポッド屋奈々不思議 第18回 （逢川奈々）_089.wav,会社の前には、はしご車と救急車と寄進車が止まっている。,落ち着いた大人の女性が、穏やかでしっとりとした声で話している。
逢川ポッド屋奈々不思議 第18回 （逢川奈々）_090.wav,社員の皆さんは、この中のどれか一つ好きなものを選んで防災訓練をしなさいというとてもユニークな会社だ。,落ち着いた大人の女性が、穏やかでしっとりとした声で話している。
逢川ポッド屋奈々不思議 第18回 （逢川奈々）_091.wav,はしご車を選択した。,落ち着いた大人の女性が、穏やかでしっとりとした声で話している。
逢川ポッド屋奈々不思議 第18回 （逢川奈々）_092.wav,はしご車を選択すると、,落ち着いた大人の女性が、穏やかでしっとりとした声で話している。
逢川ポッド屋奈々不思議 第18回 （逢川奈々）_093.wav,最上階のめちゃくちゃなこと言っていいですか最上階のビル違うビルの会社のビルの最上階に連れて,落ち着いた大人の女性が、穏やかでしっとりとした声で話している。
逢川ポッド屋奈々不思議 第18回 （逢川奈々）_094.wav,そこからはしご車に乗って下に降ろしてもらうという訓練をしてもらいなかなかスリル満点で楽しかったどうですか,落ち着いた大人の女性が、穏やかでしっとりとした声で話している。
逢川ポッド屋奈々不思議 第18回 （逢川奈々）_095.wav,こんな防災訓練インチキですよね皆さん防災訓練したことありますか,落ち着いた大人の女性が、穏やかでしっとりとした声で話している。
逢川ポッド屋奈々不思議 第18回 （逢川奈々）_096.wav,私昔したことありましてよなんとねこんなこんなね防災訓練だったらね危ないよって思ったのだってあれだったんですもんあの今日は防災,落ち着いた大人の女性が、穏やかでしっとりとした声で話している。
逢川ポッド屋奈々不思議 第18回 （逢川奈々）_097.wav,訓練ですって言ってまあ私13回で働いておりましたがね そうそれでえっとなんかね,落ち着いた大人の女性が、穏やかでしっとりとした声で話している。
逢川ポッド屋奈々不思議 第18回 （逢川奈々）_098.wav,ビルの放送室からサイレンが鳴るんですようーとか言ってそれで緊急事態緊急事態とか言って,落ち着いた大人の女性が、穏やかでしっとりとした声で話している。
逢川ポッド屋奈々不思議 第18回 （逢川奈々）_099.wav,5階の会議室から火事が発生しましたただいま火は上の方まで燃え移っております緊急事態とか言ってるの,落ち着いた大人の女性が、穏やかでしっとりとした声で話している。
逢川ポッド屋奈々不思議 第18回 （逢川奈々）_100.wav,私それ聞きながら、私これやりたいなと思って、一緒に歩いていくんだけど、もう順番なんですよね、あれ。当たり前ですよね、パニック起こしたら危ないですからね。で、待ってるんですよ。,落ち着いた大人の女性が、穏やかでしっとりとした声で話している。
逢川ポッド屋奈々不思議 第18回 （逢川奈々）_101.wav,で13回の番になったらさあ降りてください危なくないですかなんかだって火が回るじゃんと思うんだけどで降り,落ち着いた大人の女性が、穏やかでしっとりとした声で話している。
逢川ポッド屋奈々不思議 第18回 （逢川奈々）_102.wav,下りてくださいって言うんだけど階段で降りていくからねもうね2回か1回ぐらい目が回ってるんですよねでも降りていく時もみんなだるだるこんなんじゃ危ないよねとか言って,落ち着いた大人の女性が、穏やかでしっとりとした声で話している。
逢川ポッド屋奈々不思議 第18回 （逢川奈々）_103.wav,もうやられるねとか言いながらまったりモードで歩いてるんですよね,落ち着いた大人の女性が、穏やかでしっとりとした声で話している。
逢川ポッド屋奈々不思議 第18回 （逢川奈々）_104.wav,そんな思い出しかありませんよはいそんななんか,落ち着いた大人の女性が、穏やかでしっとりとした声で話している。
逢川ポッド屋奈々不思議 第18回 （逢川奈々）_105.wav,そう防災訓練って言ったらもっとスリル満点にやるもんだと思うしかも真冬だとね寒いんですよね本当に外とか出てもういいから早く戻りたいよ,落ち着いた大人の女性が、穏やかでしっとりとした声で話している。
逢川ポッド屋奈々不思議 第18回 （逢川奈々）_106.wav,また戻る時ももうみんなこうビルの上から下まで人が溜まってるからだからねもう全然なんだろうもう上に上がれなくてもういいから早く帰りたい,落ち着いた大人の女性が、穏やかでしっとりとした声で話している。
逢川ポッド屋奈々不思議 第18回 （逢川奈々）_107.wav,防災訓練の緊張感もかけらもなくて本当にあんな風になったらどうなるんでしょうねっていうようなね訓練の思い出しかないんですけれどもねはい,落ち着いた大人の女性が、穏やかでしっとりとした声で話している。
逢川ポッド屋奈々不思議 第18回 （逢川奈々）_108.wav,そんなところですスーパーアールさんの一言があるのでこちらもご紹介防災の日9月1日が近いのでって更新日には過ぎてますねはい過ぎてますね,落ち着いた大人の女性が、穏やかでしっとりとした声で話している。
逢川ポッド屋奈々不思議 第18回 （逢川奈々）_109.wav,体験で、はしご車のゴンドラに乗ったことがあります。,落ち着いた大人の女性が、穏やかでしっとりとした声で話している。
逢川ポッド屋奈々不思議 第18回 （逢川奈々）_110.wav,ほほう。あの高さならガンダムの顔のとこまで届くとは思いますが、下は見たくありませんでした。あと、訓練には救急車は来ませんね。それでは。,落ち着いた大人の女性が、穏やかでしっとりとした声で話している。
逢川ポッド屋奈々不思議 第18回 （逢川奈々）_111.wav,はい、というわけで、はい、そんなわけでね、防災訓練って本当に何か役に立っているのか立っていないのかは、,落ち着いた大人の女性が、穏やかでしっとりとした声で話している。
逢川ポッド屋奈々不思議 第18回 （逢川奈々）_112.wav,わからないんですがでも全然に知らないよりは特に非常口を把握しておくっていうのはやっぱり大事なんじゃないかなと思いますのでねはいやっぱり真面目に受けてこういうこともね,落ち着いた大人の女性が、穏やかでしっとりとした声で話している。
逢川ポッド屋奈々不思議 第18回 （逢川奈々）_113.wav,あのおしゃべりとかしないで真面目に受けとくと何かしら後でよかったって思うことがあるかもしれませんよはいそんなところではいワンタンワンダーランド,落ち着いた大人の女性が、穏やかでしっとりとした声で話している。
逢川ポッド屋奈々不思議 第18回 （逢川奈々）_114.wav,一つのテーマに三つの単語、地道に募集しておりますので、,落ち着いた大人の女性が、穏やかでしっとりとした声で話している。
逢川ポッド屋奈々不思議 第18回 （逢川奈々）_117.wav,バリバグースコーナー,落ち着いた大人の女性が、穏やかでしっとりとした声で話している。
逢川ポッド屋奈々不思議 第18回 （逢川奈々）_118.wav,バリバグースコーナーのお時間です,落ち着いた大人の女性が、穏やかでしっとりとした声で話している。
逢川ポッド屋奈々不思議 第18回 （逢川奈々）_119.wav,課長の気ままにバリ島魅力をお届けいたします今回のバリ島豆情報はバリの芸能その6 ケチャク,落ち着いた大人の女性が、穏やかでしっとりとした声で話している。
逢川ポッド屋奈々不思議 第18回 （逢川奈々）_120.wav,ダンスです ではお楽しみください,落ち着いた大人の女性が、穏やかでしっとりとした声で話している。
逢川ポッド屋奈々不思議 第18回 （逢川奈々）_121.wav,すらましや。みなさんこんにちは。アパカバー、ごきげんいかが?はい。,落ち着いた大人の女性が、穏やかでしっとりとした声で話している。
逢川ポッド屋奈々不思議 第18回 （逢川奈々）_122.wav,バリの芸能その6お待たせしましたいよいよ登場ケチャックダンスです略してケチャ,落ち着いた大人の女性が、穏やかでしっとりとした声で話している。
逢川ポッド屋奈々不思議 第18回 （逢川奈々）_123.wav,とうとうケチャについてお話をする時がやってまいりましたうーんとっても興奮してますというのもこのケチャこそ,落ち着いた大人の女性が、穏やかでしっとりとした声で話している。
逢川ポッド屋奈々不思議 第18回 （逢川奈々）_124.wav,私が最初にバリ島へ行き、驚くほどの衝撃を受けた。,落ち着いた大人の女性が、穏やかでしっとりとした声で話している。
逢川ポッド屋奈々不思議 第18回 （逢川奈々）_125.wav,つまりスーパーカルチャーショックすぎてまさに開いた口がわわわわーん状態で知った,落ち着いた大人の女性が、穏やかでしっとりとした声で話している。
逢川ポッド屋奈々不思議 第18回 （逢川奈々）_126.wav,それ以来今ではすっかりバリの虜になってしまい現在に至るですさーて何からお話しするかと申しますと,落ち着いた大人の女性が、穏やかでしっとりとした声で話している。
逢川ポッド屋奈々不思議 第18回 （逢川奈々）_127.wav,前置きになりますがケチャとの出会いでちょっとおバカな話から始めさせていただきますね忘れもしません,落ち着いた大人の女性が、穏やかでしっとりとした声で話している。
逢川ポッド屋奈々不思議 第18回 （逢川奈々）_128.wav,1993年5月31日のことある意味初の海外旅行バリ島6日間,落ち着いた大人の女性が、穏やかでしっとりとした声で話している。
逢川ポッド屋奈々不思議 第18回 （逢川奈々）_129.wav,初めて行く国ならその国の大まかな情報とか通貨などは調べていきますよねところがこの時,落ち着いた大人の女性が、穏やかでしっとりとした声で話している。
逢川ポッド屋奈々不思議 第18回 （逢川奈々）_130.wav,たくと言っていいほど無調査で行ったのです社員旅行でしたので幹事さんに任せっきりということもありでしたが実は,落ち着いた大人の女性が、穏やかでしっとりとした声で話している。
逢川ポッド屋奈々不思議 第18回 （逢川奈々）_131.wav,旅行の3日ほど前から返答船で大熱を出し旅行はドクターストップだったのです南の島への憧れから,落ち着いた大人の女性が、穏やかでしっとりとした声で話している。
逢川ポッド屋奈々不思議 第18回 （逢川奈々）_132.wav,必死でお医者さんを説得し、なんとか解熱剤をもらって出発したものの、滞在日程の3分の2は案の定ホテルのベッドで。,落ち着いた大人の女性が、穏やかでしっとりとした声で話している。
逢川ポッド屋奈々不思議 第18回 （逢川奈々）_133.wav,寝て過ごすことにそして6月2日3日目の夕方です観光ガイドさんに,落ち着いた大人の女性が、穏やかでしっとりとした声で話している。
逢川ポッド屋奈々不思議 第18回 （逢川奈々）_134.wav,チャックダンスだけはとにかくぜひ見てくださいとバリ到着から言われてて大熱でフラフラ状態でしたが見に行くことにしたのです,落ち着いた大人の女性が、穏やかでしっとりとした声で話している。
逢川ポッド屋奈々不思議 第18回 （逢川奈々）_135.wav,夕方5時半ホテルのロビー集合私は熱でフラフラ状態とケチャへの興奮とバリの気候のせいで,落ち着いた大人の女性が、穏やかでしっとりとした声で話している。
逢川ポッド屋奈々不思議 第18回 （逢川奈々）_136.wav,今までに体験したことのない興奮をおっともう時間ですね今回はここまで,落ち着いた大人の女性が、穏やかでしっとりとした声で話している。
逢川ポッド屋奈々不思議 第18回 （逢川奈々）_137.wav,ということで次回ケチャとの出会い続編をお楽しみにではでは皆さん暑かったり涼しかったりでヘンテコなお,落ち着いた大人の女性が、穏やかでしっとりとした声で話している。
逢川ポッド屋奈々不思議 第18回 （逢川奈々）_138.wav,天気ですが、お体には十分お気をつけてくださいね。,落ち着いた大人の女性が、穏やかでしっとりとした声で話している。
逢川ポッド屋奈々不思議 第18回 （逢川奈々）_139.wav,てーりーまーかーしーさんぱーいじゅんぱーらーぎー,落ち着いた大人の女性が、穏やかでしっとりとした声で話している。
逢川ポッド屋奈々不思議 第18回 （逢川奈々）_140.wav,山盛りもなこがゆく私の名前は山盛りもなこ趣味はファミコン特技は空手,落ち着いた大人の女性が、穏やかでしっとりとした声で話している。
逢川ポッド屋奈々不思議 第18回 （逢川奈々）_141.wav,さて、今日の一言,落ち着いた大人の女性が、穏やかでしっとりとした声で話している。
逢川ポッド屋奈々不思議 第18回 （逢川奈々）_142.wav,好きの反対は嫌いじゃなくて,落ち着いた大人の女性が、穏やかでしっとりとした声で話している。
逢川ポッド屋奈々不思議 第18回 （逢川奈々）_143.wav,無視なんですってだから怒られてるうちが花並みよ怒られなくなったらいよいよ危ないってことね,落ち着いた大人の女性が、穏やかでしっとりとした声で話している。
逢川ポッド屋奈々不思議 第18回 （逢川奈々）_144.wav,気をつけましょうね,落ち着いた大人の女性が、穏やかでしっとりとした声で話している。
逢川ポッド屋奈々不思議 第18回 （逢川奈々）_147.wav,住んでいる県、行ったことのある県、旅行したことのある県を国に例えて、そしてご紹介していただくというコーナーです。そして、そして、,落ち着いた大人の女性が、穏やかでしっとりとした声で話している。
逢川ポッド屋奈々不思議 第18回 （逢川奈々）_148.wav,もし、そうですね、お便りがいつも来ない場合は、相川奈々が北から南へ延々と県について語るというね、そんなコーナーなんですけれども、今回も。,落ち着いた大人の女性が、穏やかでしっとりとした声で話している。
逢川ポッド屋奈々不思議 第18回 （逢川奈々）_149.wav,そのなんかいいんです知ってる場所はいくらでも語れます特にねそうですね千葉県と沖縄県と東京都は大丈夫だと思う東京千葉県沖縄県は大丈夫だと思うんだけど,落ち着いた大人の女性が、穏やかでしっとりとした声で話している。
逢川ポッド屋奈々不思議 第18回 （逢川奈々）_150.wav,けれども埼玉県も大丈夫かな埼玉 栃木群馬とかそうですねまあそこから上青森とかもうしゃべっちゃ ったからね,落ち着いた大人の女性が、穏やかでしっとりとした声で話している。
逢川ポッド屋奈々不思議 第18回 （逢川奈々）_151.wav,ここら辺は大丈夫だと思うんですけどももうなんか四国とか大丈夫ですかみたいなね何を喋るなあなたみたいな自分で自分に突っ込みたいはいそんなちょっと,落ち着いた大人の女性が、穏やかでしっとりとした声で話している。
逢川ポッド屋奈々不思議 第18回 （逢川奈々）_152.wav,苦し紛れのコーナーなんですけれどもはいというわけで今回はお便りが来ましたので紹介させていただきます,落ち着いた大人の女性が、穏やかでしっとりとした声で話している。
逢川ポッド屋奈々不思議 第18回 （逢川奈々）_153.wav,会社カラカラさんからのお便りです。ありがとうございます。,落ち着いた大人の女性が、穏やかでしっとりとした声で話している。
逢川ポッド屋奈々不思議 第18回 （逢川奈々）_154.wav,今回は禁断の技として3つの県をまとめて1つの国にしてみようと思います国名は天地人の国そう,落ち着いた大人の女性が、穏やかでしっとりとした声で話している。
逢川ポッド屋奈々不思議 第18回 （逢川奈々）_155.wav,今年の大河ドラマです。大河ドラマの舞台は最初は越後。,落ち着いた大人の女性が、穏やかでしっとりとした声で話している。
逢川ポッド屋奈々不思議 第18回 （逢川奈々）_156.wav,それから最近の放映で映りました合図そして最後は米沢というわけで新潟福島山形の3県です,落ち着いた大人の女性が、穏やかでしっとりとした声で話している。
逢川ポッド屋奈々不思議 第18回 （逢川奈々）_157.wav,上杉家直江兼次はこの地で謙信から義と愛の精神を受け継ぎます,落ち着いた大人の女性が、穏やかでしっとりとした声で話している。
逢川ポッド屋奈々不思議 第18回 （逢川奈々）_158.wav,吉野時代上杉家は合図に移り120万国の大大名となります そして関ヶ原の,落ち着いた大人の女性が、穏やかでしっとりとした声で話している。
逢川ポッド屋奈々不思議 第18回 （逢川奈々）_159.wav,合戦の原因となった直江城最後は家康によって米沢三十万国に原報されてしまいますが,落ち着いた大人の女性が、穏やかでしっとりとした声で話している。
逢川ポッド屋奈々不思議 第18回 （逢川奈々）_160.wav,町を整備し城下町米沢を作り上げるのです私は福島以外は行きました例の愛の兜は現物は米沢にあり見てきました,落ち着いた大人の女性が、穏やかでしっとりとした声で話している。
逢川ポッド屋奈々不思議 第18回 （逢川奈々）_161.wav,大河ドラマも残すところあと3ヶ月,落ち着いた大人の女性が、穏やかでしっとりとした声で話している。
逢川ポッド屋奈々不思議 第18回 （逢川奈々）_162.wav,皆さんもどこかの県を回り義と愛の精神に触れてみてはいかがでしょうかおーなんか,落ち着いた大人の女性が、穏やかでしっとりとした声で話している。
逢川ポッド屋奈々不思議 第18回 （逢川奈々）_163.wav,かっこいいナレーションみたいななんだか素敵な文章ありがとうございます,落ち着いた大人の女性が、穏やかでしっとりとした声で話している。
逢川ポッド屋奈々不思議 第18回 （逢川奈々）_164.wav,今年は天地人だったねなんか原作から入っていこうかと思ってなんだかあれだわ厚姫よりなんか全然馴染んでないような,落ち着いた大人の女性が、穏やかでしっとりとした声で話している。
逢川ポッド屋奈々不思議 第18回 （逢川奈々）_165.wav,気もするんだよな私がなんかすごーくね見たーって思うのは,落ち着いた大人の女性が、穏やかでしっとりとした声で話している。
逢川ポッド屋奈々不思議 第18回 （逢川奈々）_166.wav,なんだろう、大河ドラマっていつも飛び飛びでわかんないなーって思って終わっちゃうような気がするんですよね。すっ…,落ち着いた大人の女性が、穏やかでしっとりとした声で話している。
逢川ポッド屋奈々不思議 第18回 （逢川奈々）_167.wav,すごい昔、昔昔,落ち着いた大人の女性が、穏やかでしっとりとした声で話している。
逢川ポッド屋奈々不思議 第18回 （逢川奈々）_168.wav,あーダメだ思い出せないやはいそんな感じですけれどもねでも見てるんだよね毎回,落ち着いた大人の女性が、穏やかでしっとりとした声で話している。
逢川ポッド屋奈々不思議 第18回 （逢川奈々）_169.wav,毎回見てるんだけどもっとなんか時代がね 近代のやつを見てたような気がするんですよね,落ち着いた大人の女性が、穏やかでしっとりとした声で話している。
逢川ポッド屋奈々不思議 第18回 （逢川奈々）_170.wav,もうなんかもううろうごえな状態なんですけどもね大河ドラマ毎回毎回一時期なんかちょっとトレンディードラマみたいな,落ち着いた大人の女性が、穏やかでしっとりとした声で話している。
逢川ポッド屋奈々不思議 第18回 （逢川奈々）_172.wav,人気がありますね。そして大河ドラマをやった件は必ず観光客が集まって,落ち着いた大人の女性が、穏やかでしっとりとした声で話している。
逢川ポッド屋奈々不思議 第18回 （逢川奈々）_173.wav,てくるのでにぎわうそうですねなのであの風鈴火山の時風鈴火山の時に山梨県に行ったらそっ,落ち着いた大人の女性が、穏やかでしっとりとした声で話している。
逢川ポッド屋奈々不思議 第18回 （逢川奈々）_174.wav,ここはね、結構盛り上がってたというか、旗があちこち立ってましたね、やっぱりね。はい、そんな感じで。,落ち着いた大人の女性が、穏やかでしっとりとした声で話している。
逢川ポッド屋奈々不思議 第18回 （逢川奈々）_175.wav,今年は天地人かー。毎年毎年よく思いつくなーって思うんですけども、あれはやっぱり。,落ち着いた大人の女性が、穏やかでしっとりとした声で話している。
逢川ポッド屋奈々不思議 第18回 （逢川奈々）_176.wav,もうなんだろう時代劇の枠なんですよね大河ドラマっていうのはねなんでそんなところで,落ち着いた大人の女性が、穏やかでしっとりとした声で話している。
逢川ポッド屋奈々不思議 第18回 （逢川奈々）_177.wav,新潟、福島、山形の3県が天地人の国として紹介していただきましたが何しろ私全くほとんど見ておりませんので今回ごめん,落ち着いた大人の女性が、穏やかでしっとりとした声で話している。
逢川ポッド屋奈々不思議 第18回 （逢川奈々）_178.wav,ごめんねって感じなんですけどもねはいあの本当にねだってあれだもん,落ち着いた大人の女性が、穏やかでしっとりとした声で話している。
逢川ポッド屋奈々不思議 第18回 （逢川奈々）_179.wav,ナオエカネツグって言ったらバカなこと言っていい?ナオエカネツグって言ったら私花の刑事の方なんだよねあれは漫画を全部持ってるんです,落ち着いた大人の女性が、穏やかでしっとりとした声で話している。
逢川ポッド屋奈々不思議 第18回 （逢川奈々）_180.wav,10何巻ぐらいまで全部持っててそっちの方のね印象が強くって天地人はねなんか後付けなんですよねだからね,落ち着いた大人の女性が、穏やかでしっとりとした声で話している。
逢川ポッド屋奈々不思議 第18回 （逢川奈々）_181.wav,しかといえばであとあの愛の兜ねすごいですよね戦の戦地戦場で愛の兜をかぶるっていうねなんかとっても,落ち着いた大人の女性が、穏やかでしっとりとした声で話している。
逢川ポッド屋奈々不思議 第18回 （逢川奈々）_182.wav,きっとなんか人徳のある方だったんじゃないのかなぐらいのね。こんなんですけど私日本史勉強してたのにこんな程度ですよ。大丈夫かって気もするんですけどもね。,落ち着いた大人の女性が、穏やかでしっとりとした声で話している。
逢川ポッド屋奈々不思議 第18回 （逢川奈々）_183.wav,そんな感じで、はい、皆さんもぜひ行ってみてください。新潟、福島、山形の3県で天地人の国を紹介していただきました。会社カラカラさん、ほんとに。,落ち着いた大人の女性が、穏やかでしっとりとした声で話している。
逢川ポッド屋奈々不思議 第18回 （逢川奈々）_184.wav,本当にどうもありがとうございます。,落ち着いた大人の女性が、穏やかでしっとりとした声で話している。
逢川ポッド屋奈々不思議 第18回 （逢川奈々）_195.wav,おそらく次があってその時にまたね,落ち着いた大人の女性が、穏やかでしっとりとした声で話している。
逢川ポッド屋奈々不思議 第51回 （逢川奈々）_001.wav,はいかわいい,落ち着いた大人の女性が、穏やかでしっとりとした声で話している。
逢川ポッド屋奈々不思議 第51回 （逢川奈々）_002.wav,みなさんこんにちは、あいかわななですというわけでですね、あいかわぽってやななふしぎ第,落ち着いた大人の女性が、穏やかでしっとりとした声で話している。
逢川ポッド屋奈々不思議 第51回 （逢川奈々）_015.wav,お送りしています七夕不思議,落ち着いた大人の女性が、穏やかでしっとりとした声で話している。
逢川ポッド屋奈々不思議 第51回 （逢川奈々）_016.wav,はい、七不思議なんでも盛り上げちゃおうコーナー。このコーナーは皆さんからのお便りを紹介するコーナーでございますね。本当にこの時期にどうもありがとう。しかも初投稿まであって嬉しい。,落ち着いた大人の女性が、穏やかでしっとりとした声で話している。
逢川ポッド屋奈々不思議 第51回 （逢川奈々）_017.wav,というわけでね、まずこの方から紹介させていただきましょう,落ち着いた大人の女性が、穏やかでしっとりとした声で話している。
逢川ポッド屋奈々不思議 第51回 （逢川奈々）_018.wav,パトーンさんっていうのかなパトーンさんかなパトーンさんからのお便りですねはいどうもありがとうございますナナさんこんばんは初めてメールを送るパトーンと申しますよろしく,落ち着いた大人の女性が、穏やかでしっとりとした声で話している。
逢川ポッド屋奈々不思議 第51回 （逢川奈々）_019.wav,よろしくお願いします。はい、もう初投稿大歓迎です。年末のこの時期にありがとうございます。では行きましょう。私は小さい頃物を分解ばかりしていました。ついた。,落ち着いた大人の女性が、穏やかでしっとりとした声で話している。
逢川ポッド屋奈々不思議 第51回 （逢川奈々）_020.wav,あだ名がコアシマンしかし今ではパソコンの自作はもちろんオーディオ機器なども平気で分解できますもちろん元に戻すこともできますよこの間,落ち着いた大人の女性が、穏やかでしっとりとした声で話している。
逢川ポッド屋奈々不思議 第51回 （逢川奈々）_021.wav,会社で電卓にジュースがこぼれてキーがぺったんぺったんとくっつくので分解掃除して元に戻しましたおーナナさんは昔怒られたが今はそれが身を結んでいることってありますか,落ち着いた大人の女性が、穏やかでしっとりとした声で話している。
逢川ポッド屋奈々不思議 第51回 （逢川奈々）_022.wav,というお便りですね本当にどうもありがとうございますコアシマンって言ったらですねうちの弟ですよまったくもうなんか今お便りを読んでてそれをね,落ち着いた大人の女性が、穏やかでしっとりとした声で話している。
逢川ポッド屋奈々不思議 第51回 （逢川奈々）_023.wav,思い出したんですけど私ちっちゃい頃にまああのお人形さんがいっぱいいたんですよね でまぁ親も人形すごいいっぱい買ってきてくれてではこういっ,落ち着いた大人の女性が、穏やかでしっとりとした声で話している。
逢川ポッド屋奈々不思議 第51回 （逢川奈々）_024.wav,いつもですねなんか3体か4体ぐらいと一緒に寝てたわけですよでもすっごい大事にしてたんですまあちょうどまあね一人っ子だったわけですからもうそういうのが妹弟の,落ち着いた大人の女性が、穏やかでしっとりとした声で話している。
逢川ポッド屋奈々不思議 第51回 （逢川奈々）_025.wav,代わりだったわけですね髪の毛とかとかしたりして洋服とか洗ったりしてすっごい大事にしてたのところがですね弟が生まれたわけですよそうしたらですねその,落ち着いた大人の女性が、穏やかでしっとりとした声で話している。
逢川ポッド屋奈々不思議 第51回 （逢川奈々）_026.wav,弟がまあ弟ですからねと思うんですけれどもまつげとかね髪の毛を全部かじっちゃうのさすがにねまあ手足をもいだりはしませんでしたけどまつげとかかじっちゃうの,落ち着いた大人の女性が、穏やかでしっとりとした声で話している。
逢川ポッド屋奈々不思議 第51回 （逢川奈々）_027.wav,たりとかこうやってベロベロ舐めたりとかしてね でこうつま先とかかじったりしてでそこから綿が出てきたりとかしてボロボロですよ,落ち着いた大人の女性が、穏やかでしっとりとした声で話している。
逢川ポッド屋奈々不思議 第51回 （逢川奈々）_028.wav,でもなんかかわいそうで結構ねいい年までずっと飾ってたんですけど私は本当に捨てられなくてもう本当にねなんかこの子って大きくなったらまあ私,落ち着いた大人の女性が、穏やかでしっとりとした声で話している。
逢川ポッド屋奈々不思議 第51回 （逢川奈々）_029.wav,同い年みたいなもんだから今だったら小学校とか行ってんのかななんて思いつつずっと飾ってたんですがさすがにねもうどうしようどうしようなんて思って,落ち着いた大人の女性が、穏やかでしっとりとした声で話している。
逢川ポッド屋奈々不思議 第51回 （逢川奈々）_030.wav,ちょっと置いといたらある日母親がまあね私がいない時にもう大切に処分したっていうねそんなエピソードがあるんですけどねそれを思い出しましたね私寝たかった,落ち着いた大人の女性が、穏やかでしっとりとした声で話している。
逢川ポッド屋奈々不思議 第51回 （逢川奈々）_031.wav,愛人に知ったお人形がねみんなかじられた時はショックでしたけどもそれとそれとなんだかちょっと似通ってはいるんですけどもただこうやってね壊してねなんかこう怒られたりとかしてもこうやって,落ち着いた大人の女性が、穏やかでしっとりとした声で話している。
逢川ポッド屋奈々不思議 第51回 （逢川奈々）_032.wav,そしてね未来につながってちゃんとね自作もできるしそうやって分解して電卓とかを分解してまた元に戻すってこともできるってのはすごいことだと思うんですよね,落ち着いた大人の女性が、穏やかでしっとりとした声で話している。
逢川ポッド屋奈々不思議 第51回 （逢川奈々）_033.wav,いやーで昔怒られたが今それが身を結んでいることって言ったらまさに声優の仕事ですよ,落ち着いた大人の女性が、穏やかでしっとりとした声で話している。
逢川ポッド屋奈々不思議 第51回 （逢川奈々）_034.wav,本当に怒られっぱなしですよもともと私とある劇団にいたんですけどねそこの劇団でも怒られキャラ一歩間違え一歩,落ち着いた大人の女性が、穏やかでしっとりとした声で話している。
逢川ポッド屋奈々不思議 第51回 （逢川奈々）_035.wav,その立ち位置が違っちゃ怒られみたいなそのセリフが変だっちゃ怒られみたいな怒られ怒られもっと自然にとか言われて怒られてばっかりですよ,落ち着いた大人の女性が、穏やかでしっとりとした声で話している。
逢川ポッド屋奈々不思議 第51回 （逢川奈々）_036.wav,芝居やってない時まで怒られるのもうね忘れもしないのが看板まで怒られたことあるなんかなんだこのキャバレーの看板みたいなのはみたいなその人もねその怒った後,落ち着いた大人の女性が、穏やかでしっとりとした声で話している。
逢川ポッド屋奈々不思議 第51回 （逢川奈々）_037.wav,全然ねなんか劇団とか来ないままねなんか消えてしまったんですけれどもそんな人にまで怒られるみたいなそんなですよなのにこうやってねブースの前でマイク,落ち着いた大人の女性が、穏やかでしっとりとした声で話している。
逢川ポッド屋奈々不思議 第51回 （逢川奈々）_038.wav,の前でお仕事をさせていただいているって いう本当にありがたいなど今でも何かあの怒られたりすることもあったしょうもない ですねそんなです,落ち着いた大人の女性が、穏やかでしっとりとした声で話している。
逢川ポッド屋奈々不思議 第51回 （逢川奈々）_039.wav,けれどもねこうやってお仕事をさせていただいているわけですよ 養成所の時もそうですよあのなんか一人だけもう今その人は結構もう本当にアニメとか出てすごい有名な方なんです,落ち着いた大人の女性が、穏やかでしっとりとした声で話している。
逢川ポッド屋奈々不思議 第51回 （逢川奈々）_040.wav,けどその人だけはすっごい褒め られんのなんとか素晴らしいとか言ってねなんか学院長とか超褒 めるのになんかあとは超怒られっぱなしなんだそれはなんでそんな のが,落ち着いた大人の女性が、穏やかでしっとりとした声で話している。
逢川ポッド屋奈々不思議 第51回 （逢川奈々）_041.wav,なんでそうなのができないんだって人たちだったの私もなのに気がつけばこうやってお仕事をさせていただいている,落ち着いた大人の女性が、穏やかでしっとりとした声で話している。
逢川ポッド屋奈々不思議 第51回 （逢川奈々）_042.wav,本当にやめたらいいんじゃないって言われたこともありますしね本当ですよ向いてないんじゃないとかね本当に本当にいろいろ言われましたけどでもこうやってお仕事させていたまさに,落ち着いた大人の女性が、穏やかでしっとりとした声で話している。
逢川ポッド屋奈々不思議 第51回 （逢川奈々）_043.wav,これですね。私の中では、柿の木のてっぺんぐらいに実がなってるみたいな、そんな実ではございますがね、こうやってずっと,落ち着いた大人の女性が、穏やかでしっとりとした声で話している。
逢川ポッド屋奈々不思議 第51回 （逢川奈々）_044.wav,ずっと続けてきたことが身を結ぶっていうのはね、私の中でとっても支えになっているんですよね。よくここまで来れたと思いますね。,落ち着いた大人の女性が、穏やかでしっとりとした声で話している。
逢川ポッド屋奈々不思議 第51回 （逢川奈々）_045.wav,そんな感じですが、いかがでしょうか。いや、年末にふさわしい、なんだかお便りになりましたが、本当にどうもありがとうございます。いやー、もう大歓迎ですよ。,落ち着いた大人の女性が、穏やかでしっとりとした声で話している。
逢川ポッド屋奈々不思議 第51回 （逢川奈々）_046.wav,またぜひお便り送ってください心よりお待ちしておりますはい次のお便りですというわけで次は会社カラカラさんからのお便り本当にどうもありがとうございますあいかわななさんこんにちは,落ち着いた大人の女性が、穏やかでしっとりとした声で話している。
逢川ポッド屋奈々不思議 第51回 （逢川奈々）_047.wav,もうクリスマスですね。一人暮らしをしてもう17、8年。エロ着の主人公ならあんなことやこんなことが起きてるでしょうが、振り返れば高齢たる現実があるだけです。,落ち着いた大人の女性が、穏やかでしっとりとした声で話している。
逢川ポッド屋奈々不思議 第51回 （逢川奈々）_048.wav,で、それはどうでもよくて、そんな私のクリスマスのお供は丸ごとバナナ、かっこイチゴでもか、でした。しかしここ数年、彼らをほとんど見かけなくなりました。,落ち着いた大人の女性が、穏やかでしっとりとした声で話している。
逢川ポッド屋奈々不思議 第51回 （逢川奈々）_049.wav,地味な私の中のクリスマス定番が消え寂しい限りです。そこで質問です。ナナさんのマニアックなクリスマスは何でしょう?もしありましたら教えくださいませ。失礼いたします。,落ち着いた大人の女性が、穏やかでしっとりとした声で話している。
逢川ポッド屋奈々不思議 第51回 （逢川奈々）_050.wav,あーそっか何高齢たる現実とか言って前回のあれですよ番組でフィギュアが全部揃ったじゃんっていう素晴らしいお便りを送ってくださった,落ち着いた大人の女性が、穏やかでしっとりとした声で話している。
逢川ポッド屋奈々不思議 第51回 （逢川奈々）_051.wav,すごいことですよあれってそうそう集まらないですよしかもなんか某サッカーチームの某サッカーチームの全員のフィギュアとか言って,落ち着いた大人の女性が、穏やかでしっとりとした声で話している。
逢川ポッド屋奈々不思議 第51回 （逢川奈々）_052.wav,集められるもんじゃないですよ私あれ本当にね超大怪拙だと思うそんな高齢たる現実なんて寂しいこと言わないでくださいよ本当ですよでえっとマニア,落ち着いた大人の女性が、穏やかでしっとりとした声で話している。
逢川ポッド屋奈々不思議 第51回 （逢川奈々）_053.wav,マニアックなクリスマスはある意味いつもと同じように生活をする,落ち着いた大人の女性が、穏やかでしっとりとした声で話している。
逢川ポッド屋奈々不思議 第51回 （逢川奈々）_054.wav,じゃないのなんて言ってみたりしてマニアックなクリスマスあえて一人で生活する なんか例えば彼氏とか彼女がいてもいいんですよでもあえて24日に,落ち着いた大人の女性が、穏やかでしっとりとした声で話している。
逢川ポッド屋奈々不思議 第51回 （逢川奈々）_055.wav,合わないみたいななんか24日に会ってへこむような彼氏彼女なんかいらねえみたいなねなんか自分ってちょっと2番なんじゃないのみたいななんかそういうかんぐりをするうざい男,落ち着いた大人の女性が、穏やかでしっとりとした声で話している。
逢川ポッド屋奈々不思議 第51回 （逢川奈々）_056.wav,女はいらないみたいなあえてそういう過ごし方をするどうですかちょっと24日仕事なの私本当に私24日本当に収録なんですよね24日は収録,落ち着いた大人の女性が、穏やかでしっとりとした声で話している。
逢川ポッド屋奈々不思議 第51回 （逢川奈々）_057.wav,ですよ毎年それでもいい24日ブースの前でお仕事したいもう毎年毎年ねそうやって生きていきたいもうあの例えばね彼氏とか彼女私に彼女いたら,落ち着いた大人の女性が、穏やかでしっとりとした声で話している。
逢川ポッド屋奈々不思議 第51回 （逢川奈々）_058.wav,大変なんですけどちょっと私なんか24日とか仕事なの収録なのとか私むしろそういう人になりたい毎年そういう人でいたいね,落ち着いた大人の女性が、穏やかでしっとりとした声で話している。
逢川ポッド屋奈々不思議 第51回 （逢川奈々）_059.wav,なんかは収録NGでお願いしますなんてそんなつまんないこと言う女になりたくないねそんなところでどうでしょうマニアックといえば私の中でむしろそれクリスマスはあえて一人で生活,落ち着いた大人の女性が、穏やかでしっとりとした声で話している。
逢川ポッド屋奈々不思議 第51回 （逢川奈々）_060.wav,するクリスマスはむしろ仕事みたいなクリスマスは普通に起きて普通に仕事して普通に帰って普通に寝るみたいななんか悪いけどなんかレストランとか予約しねえよみたいな,落ち着いた大人の女性が、穏やかでしっとりとした声で話している。
逢川ポッド屋奈々不思議 第51回 （逢川奈々）_061.wav,みんなイルミネーションを彼氏や彼女と楽しめばみたいなねこれをあえて怒らないでやるそれがやっぱりねマニアックなクリスマスではございませんかはい,落ち着いた大人の女性が、穏やかでしっとりとした声で話している。
逢川ポッド屋奈々不思議 第51回 （逢川奈々）_062.wav,というわけでねあれですよクリスマスだからってだから何みたいなそれが私の中の最高のマニアックですね超ムキだって話してるがまあいいや皆さん楽しい,落ち着いた大人の女性が、穏やかでしっとりとした声で話している。
逢川ポッド屋奈々不思議 第51回 （逢川奈々）_063.wav,クリスマスを過ごしてくださいね丸ごとバナナって確かに見かけなくなりましたね美味しいんですけどねでもよーく食べてみると微妙にちょっとねなんか添加物の味がするんですよあれ,落ち着いた大人の女性が、穏やかでしっとりとした声で話している。
逢川ポッド屋奈々不思議 第51回 （逢川奈々）_064.wav,あのコンビニとかでもうなんか丸ごとバナナはないんですけどもちょっとそれっぽいクレープは売ってますのでねまあこれでいいかって感じでクレープであの代用品で,落ち着いた大人の女性が、穏やかでしっとりとした声で話している。
逢川ポッド屋奈々不思議 第51回 （逢川奈々）_065.wav,食べてみるというのはいかがでしょうかというわけですんばらしいお便りどうもありがとうというわけでね最後の一通ですねはいアーフィーさんからのお便りですどうもありがとうございます,落ち着いた大人の女性が、穏やかでしっとりとした声で話している。
逢川ポッド屋奈々不思議 第51回 （逢川奈々）_066.wav,おはこんばんは、アフィーです。今年ももう残りわずかですね。クリスマス、お正月、ともに一人で寂しく過ごすのが目に見えているのが悲しいところです。さて、年末が近いので、おはこんばんは。,落ち着いた大人の女性が、穏やかでしっとりとした声で話している。
逢川ポッド屋奈々不思議 第51回 （逢川奈々）_067.wav,近づいたということはいよいよ夏コミが近づいたということですそして今年も原稿が真っ白という現実まだ?みたいなあれ?去年や今年の夏も同じこと言っていた気が,落ち着いた大人の女性が、穏やかでしっとりとした声で話している。
逢川ポッド屋奈々不思議 第51回 （逢川奈々）_068.wav,いい加減学習しないとダメですねこれから気合を入れて新刊制作を急ぎたいと思いますということで宣伝タイムを私のサークルは3日目金曜日西負の18,落ち着いた大人の女性が、穏やかでしっとりとした声で話している。
逢川ポッド屋奈々不思議 第51回 （逢川奈々）_069.wav,a もっと光をとなっていますすごいねでも毎回通るよね大改挙だね 相川7応援本も少数ですがもちろん持っていきます改定版になるか未定ですけど大みそ,落ち着いた大人の女性が、穏やかでしっとりとした声で話している。
逢川ポッド屋奈々不思議 第51回 （逢川奈々）_070.wav,ビッグサイトで僕と握手ということでリスナーの皆様で参加される方はぜひお立ち寄りくださいねアイカナの応援本まだ出るんだ,落ち着いた大人の女性が、穏やかでしっとりとした声で話している。
逢川ポッド屋奈々不思議 第51回 （逢川奈々）_071.wav,いや嫌なんじゃないんですけどもうねまさかこんなに出ると思ってなかったからびっくり超マニアックなネタばっかり書いちゃったんだよななんかもし声優になってなかったらどうなってますか,落ち着いた大人の女性が、穏やかでしっとりとした声で話している。
逢川ポッド屋奈々不思議 第51回 （逢川奈々）_072.wav,みたいななんか勘違いしてジムのなんだっけなダンスのレッスンの一番前で踊っている勘違い系自称プロのダンサーとか言ってそんなこと書いてるようななんかそんなこと,落ち着いた大人の女性が、穏やかでしっとりとした声で話している。
逢川ポッド屋奈々不思議 第51回 （逢川奈々）_073.wav,書いてるような本なのに大丈夫かな今流行っているものなんとかさんのブログとか名前も心配心配まあいいやみんなあんまりね大騒ぎをしないでねあいかならあんま大騒ぎ,落ち着いた大人の女性が、穏やかでしっとりとした声で話している。
逢川ポッド屋奈々不思議 第51回 （逢川奈々）_074.wav,騒ぎされないけれどもでも何気に本数は出てるっていう路線を目指してるんでねはいそんなところでございますよはいというわけで皆さん3日目金曜日西府の18へもっと,落ち着いた大人の女性が、穏やかでしっとりとした声で話している。
逢川ポッド屋奈々不思議 第51回 （逢川奈々）_075.wav,ぜひねあの足を運んでいただければと思いますどうぞよろしくお願い致しますというわけでねそう実はあともう一つあるんですけど今回はあの,落ち着いた大人の女性が、穏やかでしっとりとした声で話している。
逢川ポッド屋奈々不思議 第51回 （逢川奈々）_076.wav,かなのあの今年2010年にこんなの出てましたというのをね紹介させていただきたいのでね まあまたあの後日もしかしたら紹介させていただく,落ち着いた大人の女性が、穏やかでしっとりとした声で話している。
逢川ポッド屋奈々不思議 第51回 （逢川奈々）_077.wav,かもしれないしブログで発表するかもしれませんまあそんなところでございますねというわけで本当お便り今回はもうね初投稿の方もいらして本当にお便り嬉しかったですぜひねまた,落ち着いた大人の女性が、穏やかでしっとりとした声で話している。
逢川ポッド屋奈々不思議 第51回 （逢川奈々）_078.wav,年明け年末も送ってください年明け明けましておめでとうということで紹介させていただきますのでねはいいつでも心よりお待ちしております,落ち着いた大人の女性が、穏やかでしっとりとした声で話している。
逢川ポッド屋奈々不思議 第51回 （逢川奈々）_080.wav,山盛りもなこがゆく私の名前は山盛りもなこ趣味はファミコン特技は空手,落ち着いた大人の女性が、穏やかでしっとりとした声で話している。
逢川ポッド屋奈々不思議 第51回 （逢川奈々）_081.wav,さて、今日の一言,落ち着いた大人の女性が、穏やかでしっとりとした声で話している。
逢川ポッド屋奈々不思議 第51回 （逢川奈々）_082.wav,ねえみんなちょっと聞いて世の中ね顔かお金かなのよ,落ち着いた大人の女性が、穏やかでしっとりとした声で話している。
逢川ポッド屋奈々不思議 第51回 （逢川奈々）_083.wav,実はこれって、上から読んでも下から読んでも同じ意味の解文なの。私はこんなこと思ったことはないのだけれど。,落ち着いた大人の女性が、穏やかでしっとりとした声で話している。
逢川ポッド屋奈々不思議 第51回 （逢川奈々）_084.wav,コカのウェブラジオの声優さんにこの分を捧げるわぴったりでしょ,落ち着いた大人の女性が、穏やかでしっとりとした声で話している。
逢川ポッド屋奈々不思議 第51回 （逢川奈々）_085.wav,魂のうなりの,落ち着いた大人の女性が、穏やかでしっとりとした声で話している。
逢川ポッド屋奈々不思議 第51回 （逢川奈々）_086.wav,コーナーでございますねいやーこりんもせずにあいかまだやってんのこのコーナーみたいな思われてる方も多いかもしれませんがでもあえてやりますよこのコーナー,落ち着いた大人の女性が、穏やかでしっとりとした声で話している。
逢川ポッド屋奈々不思議 第51回 （逢川奈々）_087.wav,というわけで今回の魂のうなり、魂うなるアイテムはコロッケでございますね。なんか食べ物ばっかりじゃないかとか思わないでね。私が好きなんだ。,落ち着いた大人の女性が、穏やかでしっとりとした声で話している。
逢川ポッド屋奈々不思議 第51回 （逢川奈々）_088.wav,はいというわけで紹介させていただきます本当にどうもありがとう年末最後の魂のなりでございますねいきますよでは工事アットワークさんからの,落ち着いた大人の女性が、穏やかでしっとりとした声で話している。
逢川ポッド屋奈々不思議 第51回 （逢川奈々）_089.wav,頼りでございますどうもありがとういきます,落ち着いた大人の女性が、穏やかでしっとりとした声で話している。
逢川ポッド屋奈々不思議 第51回 （逢川奈々）_090.wav,お前らコロッケの黒いとこひき肉だと思ってるだろ違うんだよ,落ち着いた大人の女性が、穏やかでしっとりとした声で話している。
逢川ポッド屋奈々不思議 第51回 （逢川奈々）_091.wav,お邪魔します、コージー。アットワークです。はい、ありがとう。茹でたり焼いたり揚げたり、ジャガイモはいろんな食べ方ができておいしいですね。,落ち着いた大人の女性が、穏やかでしっとりとした声で話している。
逢川ポッド屋奈々不思議 第51回 （逢川奈々）_092.wav,以前下町のコロッケの作り方でジャガイモの皮を一緒に入れると肉に見えて評判がいいと言っているのを聞きました。私もてっきり肉だと思っていました。,落ち着いた大人の女性が、穏やかでしっとりとした声で話している。
逢川ポッド屋奈々不思議 第51回 （逢川奈々）_094.wav,おーっとこれってなんかヘイヘイボタンだねヘイヘイボタンって言ってみんなわかる?わかんない?あれ?あったじゃないヘイヘイって,落ち着いた大人の女性が、穏やかでしっとりとした声で話している。
逢川ポッド屋奈々不思議 第51回 （逢川奈々）_095.wav,もうやってないよね、確かね。もうやってないよね。あれです、トリビアですよ、トリビア。,落ち着いた大人の女性が、穏やかでしっとりとした声で話している。
逢川ポッド屋奈々不思議 第51回 （逢川奈々）_096.wav,あれって肉じゃなかったんだ。そうだったんだ。いやー知らなかった。え、でもなんかあれじゃないですか。,落ち着いた大人の女性が、穏やかでしっとりとした声で話している。
逢川ポッド屋奈々不思議 第51回 （逢川奈々）_097.wav,お店によってはちゃんと肉を入れてるような気もするんですよっていうのはなんだろう私がねえっと時々行くまあお肉屋さんがあるんですけど,落ち着いた大人の女性が、穏やかでしっとりとした声で話している。
逢川ポッド屋奈々不思議 第51回 （逢川奈々）_098.wav,ここはカレーパンが美味しいお肉屋さんなんですが、そこにジャガイモを売っているってことは、多分そのジャガイモにはちっちゃいながらも身にひき肉が入っているはずです。,落ち着いた大人の女性が、穏やかでしっとりとした声で話している。
逢川ポッド屋奈々不思議 第51回 （逢川奈々）_099.wav,じゃないとなんで肉屋にこうコロッケが売ってるのみたいなそういうツッコミが来るわけで、でもきっとこうやってジャガイモの皮だけで済ませてるところもあるのかもしれませんね。なんて話してる。,落ち着いた大人の女性が、穏やかでしっとりとした声で話している。
逢川ポッド屋奈々不思議 第51回 （逢川奈々）_100.wav,なんだかコロッケが食べたくなりましたが毎回毎回何が食べたい何が食べたいって言ってるような気がしますからねあーそうだったのかーこれはすごいとりとりとりと,落ち着いた大人の女性が、穏やかでしっとりとした声で話している。
逢川ポッド屋奈々不思議 第51回 （逢川奈々）_101.wav,トリビアでございますね。噛んじゃった。お腹すきすぎて。はい、というわけで、はい、コジアットワークさんどうもありがとうございます。,落ち着いた大人の女性が、穏やかでしっとりとした声で話している。
逢川ポッド屋奈々不思議 第51回 （逢川奈々）_102.wav,リクソンさんからのお便りですどうもありがとうございますあいかわさんこんにちはリクソンです早々と早速ジャガイモのおなりジャガイモジャガイモだったんだ私コロッケだと思ってた,落ち着いた大人の女性が、穏やかでしっとりとした声で話している。
逢川ポッド屋奈々不思議 第51回 （逢川奈々）_103.wav,忘れるなお題って。そうです、ジャガイモでしたね。ジャガイモのうなりをいきたいと思います。はい、いきます。,落ち着いた大人の女性が、穏やかでしっとりとした声で話している。
逢川ポッド屋奈々不思議 第51回 （逢川奈々）_105.wav,なるほどどんな料理でも合う食材なのに焼き芋はなぜかさつまいもですねあともう一ネタ年末なんで言ってみましょうどいつもこいつもほっ,落ち着いた大人の女性が、穏やかでしっとりとした声で話している。
逢川ポッド屋奈々不思議 第51回 （逢川奈々）_106.wav,北海道さんだと思いやがって俺は島根さんだなるほど,落ち着いた大人の女性が、穏やかでしっとりとした声で話している。
逢川ポッド屋奈々不思議 第51回 （逢川奈々）_107.wav,母の実家、島根県でもジャガイモは作ってますが、ジャガイモって不思議と北海道のイメージがありますね。北海道ってジャガイモの国ということでしょうか。,落ち着いた大人の女性が、穏やかでしっとりとした声で話している。
逢川ポッド屋奈々不思議 第51回 （逢川奈々）_108.wav,さて第100回放送への第一歩、番組のさらなる存続のためにもこれからも苦手なネタコーナーにも挑戦し続けます。という超良心的なお方です。どうもありがとう。,落ち着いた大人の女性が、穏やかでしっとりとした声で話している。
逢川ポッド屋奈々不思議 第51回 （逢川奈々）_109.wav,ありがとうございます。そうですね、やっぱりジャガイモって言ったら北海道ですよね。私が時々よく行くお店があるんですけど、そこもね、ちょうど今の時期ジャガイモで,落ち着いた大人の女性が、穏やかでしっとりとした声で話している。
逢川ポッド屋奈々不思議 第51回 （逢川奈々）_110.wav,新作メニューとか出してて北海道の料理を結構出すところなんですがやっぱり北海道からジャガイモ取り寄せて北海道産なので美味しいとよく言われますなんてね,落ち着いた大人の女性が、穏やかでしっとりとした声で話している。
逢川ポッド屋奈々不思議 第51回 （逢川奈々）_111.wav,言ってますのでねやっぱりまあジャガイモって言ったら北海道なんですが実はそういうところでもひっそり作ってたりするわけですよ,落ち着いた大人の女性が、穏やかでしっとりとした声で話している。
逢川ポッド屋奈々不思議 第51回 （逢川奈々）_112.wav,ねあの皆さん小学校のチリチリじゃないねあれ社会科科小学校の社会科を思い出してくださいあの景品工業地帯とかありました,落ち着いた大人の女性が、穏やかでしっとりとした声で話している。
逢川ポッド屋奈々不思議 第51回 （逢川奈々）_113.wav,よねああいうところでまあ勉強した小学校 5年生6年生その時の資料を思い出してほしい私愛の見るの結構好きだったんです 覚えてないですけどあれの,落ち着いた大人の女性が、穏やかでしっとりとした声で話している。
逢川ポッド屋奈々不思議 第51回 （逢川奈々）_114.wav,第1位のものを多分皆さんは覚えてるだけなんですだから例えばそうだな何が一番わかりやすいこの例えばジャガイモって言ったら多分1位は北海道,落ち着いた大人の女性が、穏やかでしっとりとした声で話している。
逢川ポッド屋奈々不思議 第51回 （逢川奈々）_115.wav,って出てくるわけですでもその円グラフの全部が北海道じゃないはずなの北海道何パーセントみたいなのがあって第2位とか第3位っていうのがある当然お米だと,落ち着いた大人の女性が、穏やかでしっとりとした声で話している。
逢川ポッド屋奈々不思議 第51回 （逢川奈々）_116.wav,そうなわけですよ。第1位は新潟県かもしれませんが、第2位が例えば秋田県と間違ってると思う。でもそういう県だったりするわけですね。そういうところでもちゃんと別の。,落ち着いた大人の女性が、穏やかでしっとりとした声で話している。
逢川ポッド屋奈々不思議 第51回 （逢川奈々）_117.wav,ものを作っている。リンゴだってそうですね。みかんだってそうですよ。みかんは愛媛県、いや和歌山、愛媛県だけで作っているわけじゃないんです。和歌山県でだってちゃんと作っているわけですよ。でもなんだか。,落ち着いた大人の女性が、穏やかでしっとりとした声で話している。
逢川ポッド屋奈々不思議 第51回 （逢川奈々）_118.wav,やっぱり一番こう生産量が多い当然ですね落花生だって千葉県だけで作ってるはずはきっとないんですでも落花生の作ってる割合が千葉県は圧倒的に多いので落花生といったら,落ち着いた大人の女性が、穏やかでしっとりとした声で話している。
逢川ポッド屋奈々不思議 第51回 （逢川奈々）_119.wav,千葉県みたいなねそういうのがあるんですがちゃんと第2位や第3位っていうのがあるんですねそういうのを思い起こされるような思い起こすようなセリフではございますが島根,落ち着いた大人の女性が、穏やかでしっとりとした声で話している。
逢川ポッド屋奈々不思議 第51回 （逢川奈々）_120.wav,県でもジャガイモっていうのは作っているんですねというわけで苦手なネタコーナーにまで送っていただいてどうもありがとうございますなんだかいつもの方がいらっしゃらないような気がするんですがそれは置いといて,落ち着いた大人の女性が、穏やかでしっとりとした声で話している。
逢川ポッド屋奈々不思議 第51回 （逢川奈々）_121.wav,皆さんのおかげでなんとか魂のうなりコーナーも続いておりますというわけで,落ち着いた大人の女性が、穏やかでしっとりとした声で話している。
逢川ポッド屋奈々不思議 第51回 （逢川奈々）_122.wav,新年早々ですね魂のうなりコーナーのお題そもそも忘れてるってパーソナリティ,落ち着いた大人の女性が、穏やかでしっとりとした声で話している。
逢川ポッド屋奈々不思議 第51回 （逢川奈々）_123.wav,忘れてるってどうなのって最初コロッケだと思ってるとこがすごいジャガイモですよジャガイモだったんですねはいというわけで次回は忘れないようにちゃんと,落ち着いた大人の女性が、穏やかでしっとりとした声で話している。
逢川ポッド屋奈々不思議 第51回 （逢川奈々）_124.wav,じゃあすぐにお正月行ってきたらパッと出る,落ち着いた大人の女性が、穏やかでしっとりとした声で話している。
逢川ポッド屋奈々不思議 第51回 （逢川奈々）_125.wav,あれにしようんーと,落ち着いた大人の女性が、穏やかでしっとりとした声で話している。
逢川ポッド屋奈々不思議 第51回 （逢川奈々）_126.wav,クリキントンにしようクリキントンのうなりクリキントンうなってるんだって言われそうなんでクリキントンかっていうとちょうどね私が住んでるところの近くに,落ち着いた大人の女性が、穏やかでしっとりとした声で話している。
逢川ポッド屋奈々不思議 第51回 （逢川奈々）_127.wav,なんていうのかな口なしの実っていうのが野生で生えてるの野生で生えてるというよりもそこはもうなんか人が住んでない平屋なんですけれどもすごい広いんですよ,落ち着いた大人の女性が、穏やかでしっとりとした声で話している。
逢川ポッド屋奈々不思議 第51回 （逢川奈々）_128.wav,だからいつもそこ住みたいと思って前を通り過ぎるんですがちょうど今そこに口なしの実がねいっぱいなってんのあれなぁなんか壁とか飛び越えて口の,落ち着いた大人の女性が、穏やかでしっとりとした声で話している。
逢川ポッド屋奈々不思議 第51回 （逢川奈々）_129.wav,口なしの口のしだって口なしの身を積んでねでこうざるいっぱいにしてでこれでクリキントン作ったらいいのになぁとかねそんなまた妄想だけこう立派に働かせて,落ち着いた大人の女性が、穏やかでしっとりとした声で話している。
逢川ポッド屋奈々不思議 第51回 （逢川奈々）_130.wav,通り過ぎるみたいなねそんな毎日を送っているのでクリキンと今年はなんか自分で自作で作ってみるかなでもさつまいも高いしなみたいなそんなことを考えているのでねぜひね,落ち着いた大人の女性が、穏やかでしっとりとした声で話している。
逢川ポッド屋奈々不思議 第51回 （逢川奈々）_131.wav,あのクリキントンで唸ってみてくださいこれだったらきっと忘れないなんかねお題ジャガイモをつるっと忘れてコロッケとか言ってるあたりのアイカーにはならないはずなのでぜひね,落ち着いた大人の女性が、穏やかでしっとりとした声で話している。
逢川ポッド屋奈々不思議 第51回 （逢川奈々）_132.wav,クリキントンのうなりを紹介してください次の収録が年明けで2週間後だからなんかまた忘れてそうで心配だけれどもぜひねお便りあの,落ち着いた大人の女性が、穏やかでしっとりとした声で話している。
逢川ポッド屋奈々不思議 第51回 （逢川奈々）_133.wav,はい、というわけで,落ち着いた大人の女性が、穏やかでしっとりとした声で話している。
逢川ポッド屋奈々不思議 第51回 （逢川奈々）_137.wav,ちょっとまだ告知できないものも結構あるんですね,落ち着いた大人の女性が、穏やかでしっとりとした声で話している。
逢川ポッド屋奈々不思議 第51回 （逢川奈々）_138.wav,ここらへんはこんなのに出ましたのでぜひ来年チェックよろしくお願いします,落ち着いた大人の女性が、穏やかでしっとりとした声で話している。
逢川ポッド屋奈々不思議 第51回 （逢川奈々）_142.wav,こんにちは岩戸美ですはいありがとう初めてこの解文を聞いた時なぜか奈々さんが真っ先に頭に浮かびましたすいません,落ち着いた大人の女性が、穏やかでしっとりとした声で話している。
逢川ポッド屋奈々不思議 第51回 （逢川奈々）_143.wav,ソータでもよかったのですがモナコさんに読んでもらいたくなったのでこちらに送りましたお金積まれてプロポーズとかイケメン大好きなナナさん,落ち着いた大人の女性が、穏やかでしっとりとした声で話している。
逢川ポッド屋奈々不思議 第51回 （逢川奈々）_144.wav,にぴったりだと思うのですがどうでしょう どうでしょうその通りですよえっ,落ち着いた大人の女性が、穏やかでしっとりとした声で話している。
逢川ポッド屋奈々不思議 第51回 （逢川奈々）_148.wav,どこれを持ったか 特に女はねほんとルックス重視ですよね,落ち着いた大人の女性が、穏やかでしっとりとした声で話している。
逢川ポッド屋奈々不思議 第51回 （逢川奈々）_151.wav,こうやって見るとイケメンが走ってるみたいなねそんな世界でございますねはいというわけでね2010年2010年に,落ち着いた大人の女性が、穏やかでしっとりとした声で話している。
逢川ポッド屋奈々不思議 第51回 （逢川奈々）_153.wav,ではまずこちら、白濁計算というメーカーさんから、童貞クリニック,落ち着いた大人の女性が、穏やかでしっとりとした声で話している。
逢川ポッド屋奈々不思議 第51回 （逢川奈々）_154.wav,筆おろしはお任せくださいというすごい作品。で、ミクリア・レイコ先生ですよ。はい、先生のお医者さん、ヘンテコリンなお医者さんの役、童貞を直してくれる。,落ち着いた大人の女性が、穏やかでしっとりとした声で話している。
逢川ポッド屋奈々不思議 第51回 （逢川奈々）_155.wav,くれるという素敵なお医者さんの役をねやらせていただきましたね そしてずっとお世話になりっぱなしどうもありがとうございますスタジオジャレンさんですね5人ピタリと的中強制,落ち着いた大人の女性が、穏やかでしっとりとした声で話している。
逢川ポッド屋奈々不思議 第51回 （逢川奈々）_156.wav,占いこれで長女のなずな姉さんをやらせていただきましたね5人の姉妹が学校で先生をやっているという先生と生徒であるっていうねそんなゲームでございます,落ち着いた大人の女性が、穏やかでしっとりとした声で話している。
逢川ポッド屋奈々不思議 第51回 （逢川奈々）_157.wav,そしてこれエウシュリーさん戦女神ベリータですね大変ありがたいことにラピスサウリン2004年に出演した作品に再登場させて,落ち着いた大人の女性が、穏やかでしっとりとした声で話している。
逢川ポッド屋奈々不思議 第51回 （逢川奈々）_158.wav,いただきまして本当にありがたいですねうっしゅりーさんありがとうございますそして次です悪キューレそうですよレイプレイプレイプってご存知ですか2005年に出たすっごいゲームこれ超売れ,落ち着いた大人の女性が、穏やかでしっとりとした声で話している。
逢川ポッド屋奈々不思議 第51回 （逢川奈々）_159.wav,めっちゃ売れてる今でも売れてるって聞きましたねはいワルキューレさんのレイプレイプレイプの次の作品プレイプレイプレイこれでなんと隠しキャラで朝日なるみたい,落ち着いた大人の女性が、穏やかでしっとりとした声で話している。
逢川ポッド屋奈々不思議 第51回 （逢川奈々）_160.wav,桜井うさぎでひっそり出てるんですこれ見つけられたらすごいですねぜひねこちらもチェックしてくださいそして次です今年は何気にこういうのが多かったシルバーバレット,落ち着いた大人の女性が、穏やかでしっとりとした声で話している。
逢川ポッド屋奈々不思議 第51回 （逢川奈々）_161.wav,さんですね本当お世話になりますありがとう ございますコンソメコンビネーションサムバディ,落ち着いた大人の女性が、穏やかでしっとりとした声で話している。
逢川ポッド屋奈々不思議 第51回 （逢川奈々）_162.wav,コンビネーションサンバーティーってこのオープニングが可愛いんですもうねシルバーバレットさんのオープニングほんと可愛いからぜひ聴いてほしいバレットさんのオープニングほんと素敵だった前回の,落ち着いた大人の女性が、穏やかでしっとりとした声で話している。
逢川ポッド屋奈々不思議 第51回 （逢川奈々）_163.wav,花鳥風月も素敵で何度も何度も聞いたんですけどこのコンソメも素敵だったんですなんとこれでサブキャラでジャンジャン出てるひっそり出てるまずトラコというね,落ち着いた大人の女性が、穏やかでしっとりとした声で話している。
逢川ポッド屋奈々不思議 第51回 （逢川奈々）_164.wav,片目の女の子それからおばあちゃん二役ですよチュンバー梅っていうのそれと実は白蛇っていうのでちょっと出てるんですけれども,落ち着いた大人の女性が、穏やかでしっとりとした声で話している。
逢川ポッド屋奈々不思議 第51回 （逢川奈々）_165.wav,コンビネーションサンバーティーイェイイェイっていうやつなのでオープニングとものもぜひチェックしてみて絵もほんと可愛いんです,落ち着いた大人の女性が、穏やかでしっとりとした声で話している。
逢川ポッド屋奈々不思議 第51回 （逢川奈々）_166.wav,絵がかわいい。いやー素敵だった。このゲーム好きだった。本当にドット絵とかがちょこちょこ動いててね、もうホームページの発表時からずっとチェックしてて。,落ち着いた大人の女性が、穏やかでしっとりとした声で話している。
逢川ポッド屋奈々不思議 第51回 （逢川奈々）_167.wav,これに出させていただいたとっても嬉しかったというわけでコンソメはいそれからミンクさんですね長い付き合い,落ち着いた大人の女性が、穏やかでしっとりとした声で話している。
逢川ポッド屋奈々不思議 第51回 （逢川奈々）_168.wav,長いや金病棟がだって1999年12月ですよなんとまあ10年ぐらいのお付き合いでございますよありがたいですねミンクさんほんと,落ち着いた大人の女性が、穏やかでしっとりとした声で話している。
逢川ポッド屋奈々不思議 第51回 （逢川奈々）_169.wav,頑張ってほしいですね私密かに応援中 サクリファイスというねなんと麻雀芸ですよ麻雀芸もうこの麻雀芸も楽しかった ポンとかチート,落ち着いた大人の女性が、穏やかでしっとりとした声で話している。
逢川ポッド屋奈々不思議 第51回 （逢川奈々）_170.wav,とか言えるわけですねシステムボイスが大好きなアイカだったのですっごい嬉しかったこの仕事マキムクナイコさんというねおっとり系の奥様またこの旦那さんがねひどい男,落ち着いた大人の女性が、穏やかでしっとりとした声で話している。
逢川ポッド屋奈々不思議 第51回 （逢川奈々）_171.wav,だまされて館に売られたというかわいそうな奥様なんですがいまいちそこら辺を認めないままずっとそこにいるその館にいる,落ち着いた大人の女性が、穏やかでしっとりとした声で話している。
逢川ポッド屋奈々不思議 第51回 （逢川奈々）_172.wav,ちょっとねそういうストイックな作品でございますねサクリファイスミンクさんのサクリファイスに出させていただきましたそしてこちらです覇王さんというねメーカーさんですね通勤快楽,落ち着いた大人の女性が、穏やかでしっとりとした声で話している。
逢川ポッド屋奈々不思議 第51回 （逢川奈々）_173.wav,3、痴漢よ止まれ。なんて素敵なタイトルなの。本当、抜き芸、直芸のタイトルって本当面白いね。痴漢よ止まれ。痴漢じゃないですよ。痴ですよ。本当面白いね。,落ち着いた大人の女性が、穏やかでしっとりとした声で話している。
逢川ポッド屋奈々不思議 第51回 （逢川奈々）_174.wav,これ神崎千恵里さんという理系の学生さん何の色気もないけれどもなんだかそういうアダルトのシーンではすごくムキになって実験をするっていうね理系の学生さんの役をやらせて,落ち着いた大人の女性が、穏やかでしっとりとした声で話している。
逢川ポッド屋奈々不思議 第51回 （逢川奈々）_175.wav,いただきましたそしてこちらです メテオさん,落ち着いた大人の女性が、穏やかでしっとりとした声で話している。
逢川ポッド屋奈々不思議 第51回 （逢川奈々）_176.wav,メテオさんは一旦ちょっとね終わってしまったメーカーさんだったんですがなんとまた再出発を始めるということでその第一作目の恋プレイあなたといちゃいちゃロール,落ち着いた大人の女性が、穏やかでしっとりとした声で話している。
逢川ポッド屋奈々不思議 第51回 （逢川奈々）_177.wav,プリングゲームというねその作品に出させていただいたんですでもホームページ名前ねえじゃないかはなんて思うことなかれなんとペットの役ですよちくわ,落ち着いた大人の女性が、穏やかでしっとりとした声で話している。
逢川ポッド屋奈々不思議 第51回 （逢川奈々）_178.wav,っていうねペットの役泣きうさぎの役で出てキュイーとか言って出てますのでねマニアックですね今年こういうの多かったはいそしてもう次ですねシルバーバレット,落ち着いた大人の女性が、穏やかでしっとりとした声で話している。
逢川ポッド屋奈々不思議 第51回 （逢川奈々）_179.wav,とさん第2回目ありがとうございます セイクリッドパンパイヤーですねあの吸血鬼のお話でございますねこちらで武田勝子さんという先生の役ですね これも待っ,落ち着いた大人の女性が、穏やかでしっとりとした声で話している。
逢川ポッド屋奈々不思議 第51回 （逢川奈々）_180.wav,またなんか妙にこうなんか萌え芸なのになんだかこうあばずれ系でやってくださいみたいなね不思議なこうあれですよ演出指示をいただいた武田勝子さんというね,落ち着いた大人の女性が、穏やかでしっとりとした声で話している。
逢川ポッド屋奈々不思議 第51回 （逢川奈々）_181.wav,先生の役で出演させていただきますそして次です白濁系のぞキングいやー白濁系さん面白いの出してくるこのシナリオも面白いんですこちらでリサ,落ち着いた大人の女性が、穏やかでしっとりとした声で話している。
逢川ポッド屋奈々不思議 第51回 （逢川奈々）_182.wav,ちゃんというねヤンキーのオラーとか言ってやってますのでね はいこれやりたかったすっごいやりたかったヤンキーの役で出てますのでこちらもぜひチェックしてください そして,落ち着いた大人の女性が、穏やかでしっとりとした声で話している。
逢川ポッド屋奈々不思議 第51回 （逢川奈々）_183.wav,次です。タンジェリンさんというところ。こちらで2010年はこれぐらいなのかな。セイントという作品があるんですが。,落ち着いた大人の女性が、穏やかでしっとりとした声で話している。
逢川ポッド屋奈々不思議 第51回 （逢川奈々）_184.wav,こちらダウンロードサイトなのかなこちらでケンタという少年役をやらせていただきました男の子来ましたねというわけで今年すっごい何気にねいろいろ名前は出ないんです,落ち着いた大人の女性が、穏やかでしっとりとした声で話している。
逢川ポッド屋奈々不思議 第51回 （逢川奈々）_185.wav,本当にいろいろやらせていただいた。やりたかったものが全部。おばあちゃんもやりたかったし、ペットもやりたかったし、少年もやりたかったし、そんなところでひっそりでて、そしてヤンキーまでやらせていただいた。,落ち着いた大人の女性が、穏やかでしっとりとした声で話している。
逢川ポッド屋奈々不思議 第51回 （逢川奈々）_186.wav,というねそんな感じでございますそしてここから後は実は全部多分2011年ですね2011年で告知できるのはまずこれです先ほども紹介させて,落ち着いた大人の女性が、穏やかでしっとりとした声で話している。
逢川ポッド屋奈々不思議 第51回 （逢川奈々）_187.wav,いただきましたスタジオじゃれんさん スタジオじゃれんさんの創新術ゼロですね創新術の原点に帰るということでこちらの 帝水蓮木蓮なんと2,落ち着いた大人の女性が、穏やかでしっとりとした声で話している。
逢川ポッド屋奈々不思議 第51回 （逢川奈々）_188.wav,双子のしかもねあの一人称俺もう楽しかったこのキャラも珍しくねあのロリっ子なんですけど,落ち着いた大人の女性が、穏やかでしっとりとした声で話している。
逢川ポッド屋奈々不思議 第51回 （逢川奈々）_189.wav,その割に結構ねあの黒い子なので黒い先生保険の先生なのでねそこらへんではいちょっとアイカーの声でちょっとロリッコをやらせていただきました絵がすっごい,落ち着いた大人の女性が、穏やかでしっとりとした声で話している。
逢川ポッド屋奈々不思議 第51回 （逢川奈々）_190.wav,可愛いのでぜひこちらもチェックさせていただいてチェックしていただければと思いますねスタジオチャレンさん本当にいつも差し入れも含めどうもありがとうございます,落ち着いた大人の女性が、穏やかでしっとりとした声で話している。
逢川ポッド屋奈々不思議 第51回 （逢川奈々）_191.wav,そしてここから先はまだねあの体験版のみとかそういうものばっかりなのでさーっと行こうかと思いますえーとある学園ものですねはいえーとこちら体験版のみとかそういうものばっかりなのでさーっと行こうかと思います,落ち着いた大人の女性が、穏やかでしっとりとした声で話している。
逢川ポッド屋奈々不思議 第51回 （逢川奈々）_192.wav,意見版はすでに出ていますがまだ収録が終わっていない本編の収録が終わっていないのでまだちょっと言いませんがこちらで理事長先生の役をやらせていただいていますねこれも間に合って,落ち着いた大人の女性が、穏やかでしっとりとした声で話している。
逢川ポッド屋奈々不思議 第51回 （逢川奈々）_193.wav,ですねそしてこれですこれもすごいですね いつ出るだろうものすごいキャストがいっぱいの戦争ものなんですがこちらでオペレーター,落ち着いた大人の女性が、穏やかでしっとりとした声で話している。
逢川ポッド屋奈々不思議 第51回 （逢川奈々）_194.wav,3役をやらせていただきました私このメーカーさんすっごい出たかったんです 18期の仕事をやる前からずーっとずーっとずーっと出たいと思ってた,落ち着いた大人の女性が、穏やかでしっとりとした声で話している。
逢川ポッド屋奈々不思議 第51回 （逢川奈々）_195.wav,ずっと出たいと思ってたこのメーカーさんにとうとう出演させていただきましたね嬉しかったもう台本大切にとっておいてありますみたいなそんな感じでございます,落ち着いた大人の女性が、穏やかでしっとりとした声で話している。
逢川ポッド屋奈々不思議 第51回 （逢川奈々）_196.wav,嬉しかっただって目標だったんだもんというわけでね告知を少々お待ちくださいそして次ですねこれもまだ体験版なのでちょっとまだはい,落ち着いた大人の女性が、穏やかでしっとりとした声で話している。
逢川ポッド屋奈々不思議 第51回 （逢川奈々）_197.wav,告知ができませんがツンデレ魔女っ子,落ち着いた大人の女性が、穏やかでしっとりとした声で話している。
逢川ポッド屋奈々不思議 第51回 （逢川奈々）_198.wav,やらせていただいたこれも豪華ですよもう告知本編が収録が終わるまではまだできませんが可愛いツンデレ魔女っ子をやらせていただきました,落ち着いた大人の女性が、穏やかでしっとりとした声で話している。
逢川ポッド屋奈々不思議 第51回 （逢川奈々）_199.wav,もう本当声優さん超豪華絵師さん超豪華もう素晴らしいですね本当にありがたいお話でございますそしてこれは次はですね実は収録が朝,落ち着いた大人の女性が、穏やかでしっとりとした声で話している。
逢川ポッド屋奈々不思議 第51回 （逢川奈々）_200.wav,てなのでまだねあの告知できないんですが無事終わりましてホームページに乗りましたら キター以下こんなの出てたんだみたいになりますのでねこちらもぜひそしてもう1本あっ,落ち着いた大人の女性が、穏やかでしっとりとした声で話している。
逢川ポッド屋奈々不思議 第51回 （逢川奈々）_201.wav,そして、あとはですね、同人ソフトを紹介させてください。シャーベットソフトさんですね。そうです。これですよ。デザイン。,落ち着いた大人の女性が、穏やかでしっとりとした声で話している。
逢川ポッド屋奈々不思議 第51回 （逢川奈々）_202.wav,皆さん買われました3000円という非常に安いんですがねフルパッケージ並みのクオリティでねすごいですよこれぜひチェックしてくださいそしてなんと,落ち着いた大人の女性が、穏やかでしっとりとした声で話している。
逢川ポッド屋奈々不思議 第51回 （逢川奈々）_203.wav,リザラジというラジオにも出演させていただいた全6回放送最後の回は結構マニアックな声優内輪ネタなども話させていただいて今もニコ動にアップされて,落ち着いた大人の女性が、穏やかでしっとりとした声で話している。
逢川ポッド屋奈々不思議 第51回 （逢川奈々）_204.wav,てるはずなんですがなんと商業としてまた 再出発するという企画が持ち上がっておりますねなのでそれが82011年の秋ぐらい,落ち着いた大人の女性が、穏やかでしっとりとした声で話している。
逢川ポッド屋奈々不思議 第51回 （逢川奈々）_205.wav,スタートするので2012年もうそれまでに アイカーも頑張ってはいあの本数を重ねていけるよう頑張っています行きたいのでね ぜひこちらもリザインシャーベットソフトです,落ち着いた大人の女性が、穏やかでしっとりとした声で話している。
逢川ポッド屋奈々不思議 第51回 （逢川奈々）_206.wav,リザインぜひ応援よろしくお願いいたしますそしてあとはですね何気に何度かお世話になっております辻もが街にやってきたはいこちらでね二次創作の,落ち着いた大人の女性が、穏やかでしっとりとした声で話している。
逢川ポッド屋奈々不思議 第51回 （逢川奈々）_207.wav,キャラをねちょこちょこやらせていただいておりますのでねはいとある作品のミシェルというキャラクター結構メジャーなのであえて言いませんがこちらをねやらせていただきましたので似てる似てないはともかくとして,落ち着いた大人の女性が、穏やかでしっとりとした声で話している。
逢川ポッド屋奈々不思議 第51回 （逢川奈々）_208.wav,ぜひチェックしてくださいねはいそんなところでございます というわけでそしてもう1本これはねちょっとまだ何にも言えないんです何にも言えないんですが一般で,落ち着いた大人の女性が、穏やかでしっとりとした声で話している。
逢川ポッド屋奈々不思議 第51回 （逢川奈々）_209.wav,1本出ましたのではいきっと2011年の夏頃に,落ち着いた大人の女性が、穏やかでしっとりとした声で話している。
逢川ポッド屋奈々不思議 第51回 （逢川奈々）_212.wav,チャクチャクと来年ぐらいはドカンと一発なんかやらかしたいですねこんなの出てるんじゃんみたいなのを見に行きたいと思いますのでぜひこちらも,落ち着いた大人の女性が、穏やかでしっとりとした声で話している。
逢川ポッド屋奈々不思議 第61回 （逢川奈々）_001.wav,ポットやナナフシギ,落ち着いた大人の女性が、穏やかでしっとりとした声で話している。
逢川ポッド屋奈々不思議 第61回 （逢川奈々）_004.wav,しょっちゅうお見舞い申し上げますも兼ねてね第61回放送させていただきますがね毎日毎日非常に猛暑が続いておりますね,落ち着いた大人の女性が、穏やかでしっとりとした声で話している。
逢川ポッド屋奈々不思議 第61回 （逢川奈々）_008.wav,思っておりますねというかもうね本当に久しぶりだからお便りないんじゃないかなと思ってたんですけどなんのなんの,落ち着いた大人の女性が、穏やかでしっとりとした声で話している。
逢川ポッド屋奈々不思議 第61回 （逢川奈々）_016.wav,はい、七不思議なんでも盛り上げちゃおうコーナー。このコーナーは皆さんからのお便りを紹介するコーナーでございますね。はい、というわけでまずはこの方から紹介します。,落ち着いた大人の女性が、穏やかでしっとりとした声で話している。
逢川ポッド屋奈々不思議 第61回 （逢川奈々）_017.wav,していきましょう ジャンマイケルマックマクランさんからですねありがとうございますあのもうあの新婚ネタで盛り上がった方なんですけれどもね過去のあのログをさかのぼっ て,落ち着いた大人の女性が、穏やかでしっとりとした声で話している。
逢川ポッド屋奈々不思議 第61回 （逢川奈々）_018.wav,いただけるとなかなか今年の夏も熱い思いを抱えつつ過ごされているのではないかと思いますがお便りありがとうございますというわけでいきます,落ち着いた大人の女性が、穏やかでしっとりとした声で話している。
逢川ポッド屋奈々不思議 第61回 （逢川奈々）_019.wav,ナナさんこんにちは。はいこんにちは。南アフリカ旅行お疲れ様でした。私の中では南アフリカと聞くと治安が悪いというイメージがつきまとうのですが、実際はどうだったのでしょうか。,落ち着いた大人の女性が、穏やかでしっとりとした声で話している。
逢川ポッド屋奈々不思議 第61回 （逢川奈々）_020.wav,ま、まさかアクションあり涙ありラブロマンスありの旅行だったとかぜひ旅のお話をお聞かせくださいそれにしても飛行機片道34時間と驚きました,落ち着いた大人の女性が、穏やかでしっとりとした声で話している。
逢川ポッド屋奈々不思議 第61回 （逢川奈々）_021.wav,僕ならエコノミー症候群になりそうですそれではというお便りですね片道34時間ではございません往復で34時間ですねさすがに片道,落ち着いた大人の女性が、穏やかでしっとりとした声で話している。
逢川ポッド屋奈々不思議 第61回 （逢川奈々）_022.wav,1日34時間。うん、違うよな。往復だよな。往復で34時間なのでご安心ください。まあでも結局、南アフリカ、ヨハネスブルグですね。南アフリカ共和国の。,落ち着いた大人の女性が、穏やかでしっとりとした声で話している。
逢川ポッド屋奈々不思議 第61回 （逢川奈々）_023.wav,ヨハネスブルグ、まあ日本から香港経由。,落ち着いた大人の女性が、穏やかでしっとりとした声で話している。
逢川ポッド屋奈々不思議 第61回 （逢川奈々）_024.wav,で行ったんですけれども合計でそれぐらいかかる17時間ですね あのかかるぐらいの旅行えっと日本から香港までが4時間で,落ち着いた大人の女性が、穏やかでしっとりとした声で話している。
逢川ポッド屋奈々不思議 第61回 （逢川奈々）_025.wav,そして香港からヨハネスブルグまでが大体13、14、ちょっと飛行場で待ったりもするので1時間とか2時間。,落ち着いた大人の女性が、穏やかでしっとりとした声で話している。
逢川ポッド屋奈々不思議 第61回 （逢川奈々）_026.wav,ちょっと短いかな、半日ですね。12時間ぐらいかかるので、結局34時間ぐらいかかっているので、はい、そんな感じでございます。あ、違う違う、17時間で往復34時間かかっているという、そんな力。,落ち着いた大人の女性が、穏やかでしっとりとした声で話している。
逢川ポッド屋奈々不思議 第61回 （逢川奈々）_027.wav,でございましたねはいえっともう一人会社からからさんからのお便りありがとうございます 愛川7さんこんにちは久しぶりのポッティア7不思議ですねはいご無沙汰しております6月の頭,落ち着いた大人の女性が、穏やかでしっとりとした声で話している。
逢川ポッド屋奈々不思議 第61回 （逢川奈々）_028.wav,アフリカを中心に海外旅行に出ておられたとのこと。まずはお疲れ様でした。どのような旅だったのでしょう。アフリカの観光地のイメージは私は湧きにくいので、,落ち着いた大人の女性が、穏やかでしっとりとした声で話している。
逢川ポッド屋奈々不思議 第61回 （逢川奈々）_029.wav,お土産話楽しみにしております失礼いたしますというお便りねはい嬉しいですというわけで実に2ヶ月ぶりですね今年の6月1日から,落ち着いた大人の女性が、穏やかでしっとりとした声で話している。
逢川ポッド屋奈々不思議 第61回 （逢川奈々）_030.wav,10日までの10日間ですねまるっと,落ち着いた大人の女性が、穏やかでしっとりとした声で話している。
逢川ポッド屋奈々不思議 第61回 （逢川奈々）_031.wav,えっと7泊10日8泊10日か8泊10日っていうのかなまあそれぐらいの期間でちょっとあの南アフリカまあいわゆるアフリカ大陸の一部,落ち着いた大人の女性が、穏やかでしっとりとした声で話している。
逢川ポッド屋奈々不思議 第61回 （逢川奈々）_032.wav,の南部分をちょっと回ってきましたのでね今回はちょっとそちらの話をしようかと思い ますね実は a まあ私猫のラジオをやらせていただいた時もを,落ち着いた大人の女性が、穏やかでしっとりとした声で話している。
逢川ポッド屋奈々不思議 第61回 （逢川奈々）_033.wav,オーストラリアにも行ってるんですけれども、今のところですね、自分の人生の目標の中で5大陸を制覇するというのがございまして、一番最初に行ったのが北アメリカ、カナダアメリカですね。,落ち着いた大人の女性が、穏やかでしっとりとした声で話している。
逢川ポッド屋奈々不思議 第61回 （逢川奈々）_034.wav,次に行ったのがヨーロッパですね。ドイツ、それからチェコ、スロバキア、オーストリア、ハンガリーって行って、次にオーストラリアですね。オーストラリアに行って。,落ち着いた大人の女性が、穏やかでしっとりとした声で話している。
逢川ポッド屋奈々不思議 第61回 （逢川奈々）_035.wav,あと2大陸残ってたんです。南アメリカともう1つがアフリカですね。この2つが残ってて、実は元々は南アメリカの方にしようと思ってたんです。,落ち着いた大人の女性が、穏やかでしっとりとした声で話している。
逢川ポッド屋奈々不思議 第61回 （逢川奈々）_036.wav,やっぱりマッチピッチはずっと前から行きたいと思ってたんで、何よりもナスカの地上絵にずっと憧れてるんですね。なのでナスカの地上絵を見たいということで、ずっとギリギリまで。,落ち着いた大人の女性が、穏やかでしっとりとした声で話している。
逢川ポッド屋奈々不思議 第61回 （逢川奈々）_037.wav,5月2日まで出発が6月1日ですか5月2日ぐらいまで南アメリカに行くつもりだったんですそうしたらですねあのもう,落ち着いた大人の女性が、穏やかでしっとりとした声で話している。
逢川ポッド屋奈々不思議 第61回 （逢川奈々）_038.wav,ギリギリでスケジュールがいまいち合わなかったのと、大変幸いなことに旅行前に収録とかがボンボン入ってきまして、なんだかありがたいやら嬉しいやらって感じだったんですけど、そういうことで、,落ち着いた大人の女性が、穏やかでしっとりとした声で話している。
逢川ポッド屋奈々不思議 第61回 （逢川奈々）_039.wav,もありまして うーんと思ってちょうどまああのスケジュールがカッチリあったのが南アフリカの方だったんですね アフリカツアーの方がスケジュールが,落ち着いた大人の女性が、穏やかでしっとりとした声で話している。
逢川ポッド屋奈々不思議 第61回 （逢川奈々）_040.wav,カッチリあったのとあとサーチャージがねやっぱり南アメリカはちょっと高いんですねなんでじゃあちょっと今回は保留にするか,落ち着いた大人の女性が、穏やかでしっとりとした声で話している。
逢川ポッド屋奈々不思議 第61回 （逢川奈々）_041.wav,ということで急遽本当にもうそのなんだろう,落ち着いた大人の女性が、穏やかでしっとりとした声で話している。
逢川ポッド屋奈々不思議 第61回 （逢川奈々）_042.wav,旅行会社の受付カウンターで迷って迷ってああもうアフリカにしますって言って決まった旅行だったんですよねちょうどなんかこう自分のお財布,落ち着いた大人の女性が、穏やかでしっとりとした声で話している。
逢川ポッド屋奈々不思議 第61回 （逢川奈々）_043.wav,スケジュールに優しい感じだったので長尻があったというかねそんな感じで行かせていただきました実はアフリカでも行きたい場所っていうのは結構いろいろありまして例えばマダガス,落ち着いた大人の女性が、穏やかでしっとりとした声で話している。
逢川ポッド屋奈々不思議 第61回 （逢川奈々）_044.wav,ガルとかねあとはまあケニアとかなんだかそんなところも行きたいとにかくまあ動物が見たい人なのでねなんですがででもその中でもエジプトにも行きたくてちょっと聞いてみたんです,落ち着いた大人の女性が、穏やかでしっとりとした声で話している。
逢川ポッド屋奈々不思議 第61回 （逢川奈々）_045.wav,人って今どういう状況ですかって聞いたんですけど、,落ち着いた大人の女性が、穏やかでしっとりとした声で話している。
逢川ポッド屋奈々不思議 第61回 （逢川奈々）_046.wav,たらエジプトはあの6月30日まで渡航不可能ですって言われてしまい ちょうどあの頃リビアでねちょっと内乱があってまぁちょっと緊張した状態だったのであそれじゃあ,落ち着いた大人の女性が、穏やかでしっとりとした声で話している。
逢川ポッド屋奈々不思議 第61回 （逢川奈々）_047.wav,いけませんねということでまあ南アフリカという実にマニアックな場所にはいあの決まりましてでまぁなかなか楽しい,落ち着いた大人の女性が、穏やかでしっとりとした声で話している。
逢川ポッド屋奈々不思議 第61回 （逢川奈々）_048.wav,大自然を大自然を思い切り堪能させていただいたわけでございますまず最初にですね実は6月1日が出発だったんですけど1日のね,落ち着いた大人の女性が、穏やかでしっとりとした声で話している。
逢川ポッド屋奈々不思議 第61回 （逢川奈々）_049.wav,当日までですよワークショップの教科書を取りに行ってたっていう相川でございますよ午前中そんなことをしてちょっとワークショップの教科書を取りに行って,落ち着いた大人の女性が、穏やかでしっとりとした声で話している。
逢川ポッド屋奈々不思議 第61回 （逢川奈々）_050.wav,それから家に戻ってそれから準備始めてですねそれからですよ準備始めてひどい話ですよねでもうなんか詰められるものだけボンボン詰めて,落ち着いた大人の女性が、穏やかでしっとりとした声で話している。
逢川ポッド屋奈々不思議 第61回 （逢川奈々）_051.wav,例えばなんかこうねその日だけ必要スリッパですとかあとほらやっぱり長く飛行機に乗るのでねあのクッションとかそういうのは全部100円ショップでもまるっと,落ち着いた大人の女性が、穏やかでしっとりとした声で話している。
逢川ポッド屋奈々不思議 第61回 （逢川奈々）_052.wav,止め替えをしてあとは電源これ大事です向こう日本の電源と海外の電源って違うんで変電器っていうのがあるんですけどこの変電器,落ち着いた大人の女性が、穏やかでしっとりとした声で話している。
逢川ポッド屋奈々不思議 第61回 （逢川奈々）_053.wav,で今すごい面白いのがあってあのやっぱりね地域によってあのなんていうのその コンセントの形って違うんですよその違ったコンセントの形に合わせて全部組み替えていっ,落ち着いた大人の女性が、穏やかでしっとりとした声で話している。
逢川ポッド屋奈々不思議 第61回 （逢川奈々）_054.wav,1個のパーツを組み替えて、その地域のコンセントに合わせて電源を供給できるという非常に素晴らしい代物に巡り合いましてね、それを思い切って買ってですね。,落ち着いた大人の女性が、穏やかでしっとりとした声で話している。
逢川ポッド屋奈々不思議 第61回 （逢川奈々）_055.wav,もうバタバタで空港に駆け込んできたわけですね一番なんだか困った旅行者って感じだったんですけれどもねそんなわけで日本を出発,落ち着いた大人の女性が、穏やかでしっとりとした声で話している。
逢川ポッド屋奈々不思議 第61回 （逢川奈々）_056.wav,移しまして、それから香港に行きまして、ヨハネスブルグ直通ってないんですね。なので香港を経由して、だいたい1時間から2時間近く待ってから、,落ち着いた大人の女性が、穏やかでしっとりとした声で話している。
逢川ポッド屋奈々不思議 第61回 （逢川奈々）_057.wav,今度は香港からヨハネスブルグ,落ち着いた大人の女性が、穏やかでしっとりとした声で話している。
逢川ポッド屋奈々不思議 第61回 （逢川奈々）_058.wav,ずっとアジア大陸を渡っていくんですだからフィリピンを越えてインドを越えてさらにずっとまっすぐ行くと今度マダガスカルの方エジプトを越えて,落ち着いた大人の女性が、穏やかでしっとりとした声で話している。
逢川ポッド屋奈々不思議 第61回 （逢川奈々）_059.wav,マダガスカルを越えて、それから今度は南アフリカの最南端のヨハネスブルグという南アフリカ共和国の空港にたどり着いて、,落ち着いた大人の女性が、穏やかでしっとりとした声で話している。
逢川ポッド屋奈々不思議 第61回 （逢川奈々）_060.wav,というわけなんですねでヨハネスブルクから実はそこで終わりじゃないんでさらにあの 飛行機に乗り継いでジンバブエという国に行きますそこからさらに飛行機だから息はもっ,落ち着いた大人の女性が、穏やかでしっとりとした声で話している。
逢川ポッド屋奈々不思議 第61回 （逢川奈々）_061.wav,かかってるのか17たすだから片道が ヨハネスブルグまで17時間さらにそこからジンマブエという国に行くんですねなんで さらにそこから4時間なんで21時間ほぼ1日,落ち着いた大人の女性が、穏やかでしっとりとした声で話している。
逢川ポッド屋奈々不思議 第61回 （逢川奈々）_062.wav,飛行機に乗りっぱなしという、なかなか濃い旅でございますがね、そこからさらにビクトリアフォールズ、ビクトリアの滝ですね、にちょうどちっちゃい空港がございまして、そこに飛んで、,落ち着いた大人の女性が、穏やかでしっとりとした声で話している。
逢川ポッド屋奈々不思議 第61回 （逢川奈々）_063.wav,そこで大体3泊ぐらい過ごすという。その3泊の間に、例えばチョベ国立公園ですとかね、そういう自然を堪能し、サファリを堪能し、,落ち着いた大人の女性が、穏やかでしっとりとした声で話している。
逢川ポッド屋奈々不思議 第61回 （逢川奈々）_064.wav,それで動物と戯れた後にまたヨハネスブルグに戻って、今度は南アフリカ共和国を見学して帰るというツアーだったんですね。,落ち着いた大人の女性が、穏やかでしっとりとした声で話している。
逢川ポッド屋奈々不思議 第61回 （逢川奈々）_065.wav,でまぁ最初はジンバブエに行ったんですけれどもジンバブエという国はね日本とはまた全然かけ離れてるんですよね何しろ結構経済にご,落ち着いた大人の女性が、穏やかでしっとりとした声で話している。
逢川ポッド屋奈々不思議 第61回 （逢川奈々）_066.wav,詳しい方は知っていると思うご存知だと思うんですけどインフレつい最近までハイパーインフレがあってですねあの例えば観光地先でお札を売りつけるんですよ,落ち着いた大人の女性が、穏やかでしっとりとした声で話している。
逢川ポッド屋奈々不思議 第61回 （逢川奈々）_067.wav,あのいわゆるなんていうの10代ぐらいの子供がであのワンダラーワンダラーって言ってくるんです1ドルですよでなんだこれあと汚い冊だなぁと思って数字を見ると,落ち着いた大人の女性が、穏やかでしっとりとした声で話している。
逢川ポッド屋奈々不思議 第61回 （逢川奈々）_068.wav,数字が60兆とか書いてあるのは?と思ってジンバブエドルなんですよねきっとねタイはちょっと分からないんですけどジンバブエドルで60兆って書いてある,落ち着いた大人の女性が、穏やかでしっとりとした声で話している。
逢川ポッド屋奈々不思議 第61回 （逢川奈々）_069.wav,これ1ドルってどういうことみたいな全然おかしいじゃん日本だと100円ですよ60兆の価値ジンバブエで60兆の価値のするものを100円で売りつけ,落ち着いた大人の女性が、穏やかでしっとりとした声で話している。
逢川ポッド屋奈々不思議 第61回 （逢川奈々）_070.wav,助ける国ですよあそこそういうねとんでもない国なんですでね子供がみんな日本人って言うと金持ちだと思ってるんで例えばホテルは結構やっぱり五つ星のいいとこ,落ち着いた大人の女性が、穏やかでしっとりとした声で話している。
逢川ポッド屋奈々不思議 第61回 （逢川奈々）_071.wav,なので、そこには守衛さんがやっぱり取り囲んでるんですね。ショーテルの周りを。で、そういう子たちが入ってくると、もう出てけって言って、追い出すことができる。,落ち着いた大人の女性が、穏やかでしっとりとした声で話している。
逢川ポッド屋奈々不思議 第61回 （逢川奈々）_072.wav,るんですけどそこの主演さんたちが立ってレディアから外に行くともう必ずねやって くるの子供がカバンの木彫りを持ってあとなんか人が向かい合っている変な木彫りを持ってそれで,落ち着いた大人の女性が、穏やかでしっとりとした声で話している。
逢川ポッド屋奈々不思議 第61回 （逢川奈々）_073.wav,またねワンダラーワンダラーって言ってくるのでもうとりあえず1回だけ付き合ってみたんだけどワンダラーとか言ってるからI have no moneyって言ったのやっぱI have no moneyでなんでアフリカ来てんのって,落ち着いた大人の女性が、穏やかでしっとりとした声で話している。
逢川ポッド屋奈々不思議 第61回 （逢川奈々）_074.wav,感じなんだけどそれでもねやっぱなかなか下がらない であのほんと総理 i have no money ベリーでロースって言ってあの言うんだけど下がらなくて挙句の果てに靴とこう,落ち着いた大人の女性が、穏やかでしっとりとした声で話している。
逢川ポッド屋奈々不思議 第61回 （逢川奈々）_075.wav,交換しろとか言ってくんのカバとカバの木彫りと靴と交換しろっていうからno no this is only oneこれしかないんだよつって本当さもうなんか日本人だと思ったら金持ちだった,落ち着いた大人の女性が、穏やかでしっとりとした声で話している。
逢川ポッド屋奈々不思議 第61回 （逢川奈々）_076.wav,結構しつこいんですよね。そんなことに何度も会いつつね、自然を堪能したんですが、ジンバブエという国はすぐ隣にもう国立、なんていうんだろう、人が集まっている。,落ち着いた大人の女性が、穏やかでしっとりとした声で話している。
逢川ポッド屋奈々不思議 第61回 （逢川奈々）_077.wav,ている町のすぐ隣にも国立公園があってなんであのその国立公園から野生の像 まあ野良増で野生の像ですね野良増が時どっ,落ち着いた大人の女性が、穏やかでしっとりとした声で話している。
逢川ポッド屋奈々不思議 第61回 （逢川奈々）_078.wav,次、ジンバブエの街を彷徨い歩くんですね。そういう状態の像っていうのは非常に危険なので、ちょっと近づくと踏まれて殺されちゃうんですよ。そういう…,落ち着いた大人の女性が、穏やかでしっとりとした声で話している。
逢川ポッド屋奈々不思議 第61回 （逢川奈々）_079.wav,国ですねなんで例えば車にずっと乗っててガイドさんがあそこの壁を見てくださいあそこの林を見てくださいかなり荒れてますがあれは荒らしや台風ではなく,落ち着いた大人の女性が、穏やかでしっとりとした声で話している。
逢川ポッド屋奈々不思議 第61回 （逢川奈々）_080.wav,2日前に象がやってきて暴れて壊した後ですとかそういうことを言うような国なんですなんで本当になっていうのは,落ち着いた大人の女性が、穏やかでしっとりとした声で話している。
逢川ポッド屋奈々不思議 第61回 （逢川奈々）_081.wav,実にいろいろな動物をわざわざそういう国立公園に行かなくてもそこら辺に動物が歩いてるんですねただゾウは危ないので観光途中で,落ち着いた大人の女性が、穏やかでしっとりとした声で話している。
逢川ポッド屋奈々不思議 第61回 （逢川奈々）_082.wav,例えば運転手さんが見つけた危ないから帰りましょうって言ってすぐ帰ったりするんですが他にも多かったのがマントヒヒヒヒとそれかサルとあとインパラこのなんか,落ち着いた大人の女性が、穏やかでしっとりとした声で話している。
逢川ポッド屋奈々不思議 第61回 （逢川奈々）_083.wav,実はやたらと見ました。インパラなんてもう最後ありがたくもなんともないみたいな。もうこの3つはやたらと見た。で実は結構近くにゾウもいっぱいいるのでゾウの落とし物もいっぱい見たりして。,落ち着いた大人の女性が、穏やかでしっとりとした声で話している。
逢川ポッド屋奈々不思議 第61回 （逢川奈々）_084.wav,そういうところなんですよね。2日目、3日目はチョベ国立公園ですとか、あとはビクトリアの滝とかをね、ヘリコプターに乗ってみたりしたんですけども、国立公園ではとにかく、,落ち着いた大人の女性が、穏やかでしっとりとした声で話している。
逢川ポッド屋奈々不思議 第61回 （逢川奈々）_085.wav,もう動物がいっぱいあそこは一番多いのはインパラなんですけれどもやはりもともとが野生の状態のところを密漁舎を防ぐために国立公園にしてそして世界遺産として登録をして,落ち着いた大人の女性が、穏やかでしっとりとした声で話している。
逢川ポッド屋奈々不思議 第61回 （逢川奈々）_086.wav,管理してるところなんですねなんで野生のゾウがとにかくいっぱいいる,落ち着いた大人の女性が、穏やかでしっとりとした声で話している。
逢川ポッド屋奈々不思議 第61回 （逢川奈々）_087.wav,こんなにいっぱいゾウ見たの初めてってぐらいいっぱいいる。で、ちょうど雨季の時期なので、川がなみなみと、水があふれでんばかりの豊かな状態で。,落ち着いた大人の女性が、穏やかでしっとりとした声で話している。
逢川ポッド屋奈々不思議 第61回 （逢川奈々）_088.wav,川が流れてるわけですそうするとその川多分浸水で2メートルか3メートルあると思うんですよ深さがでもその深さ2メートル3メートルのところに象がとことこ歩いて,落ち着いた大人の女性が、穏やかでしっとりとした声で話している。
逢川ポッド屋奈々不思議 第61回 （逢川奈々）_089.wav,水草をですね延々とモシャモシャ食べてるみたいなでその象のところに白い鳥が止まって象についてる虫をチクチク食べてるという実にほのかなねほのぼのとした光景を見たりとか,落ち着いた大人の女性が、穏やかでしっとりとした声で話している。
逢川ポッド屋奈々不思議 第61回 （逢川奈々）_090.wav,あとはキリンですね私はキリンが大好きなんですけどもキリンってやっぱり臆病な動物なんですよ野生の動物ってあそこにキリンがいますってガイドさん,落ち着いた大人の女性が、穏やかでしっとりとした声で話している。
逢川ポッド屋奈々不思議 第61回 （逢川奈々）_091.wav,国立公園でねガイドさんが行った時ももうね遠くな200メートルぐらい先200メートルぐらい先にキリンがよく見るとその双眼鏡で見ると7匹ぐらいが,落ち着いた大人の女性が、穏やかでしっとりとした声で話している。
逢川ポッド屋奈々不思議 第61回 （逢川奈々）_092.wav,こっちを伺ってるの。で、みんな首がね、同じ角度でこっちを見てるから、首が扇の形みたいに広がってるように見えるんだけど、そういうところを、,落ち着いた大人の女性が、穏やかでしっとりとした声で話している。
逢川ポッド屋奈々不思議 第61回 （逢川奈々）_093.wav,デジカメとかでシャッターを合わせてパチッと撮って後で見てみるとちっちゃいキリンが心配そうにこっちを見てるやつだって写真が出てるんだけどそういうキリンですとか,落ち着いた大人の女性が、穏やかでしっとりとした声で話している。
逢川ポッド屋奈々不思議 第61回 （逢川奈々）_094.wav,あとはバッファローですね、バッファローもすごく見ましたし、あと川、川ですね、国立公園に来るともうあのね、ショベ川とかザンベジ川、なんかそういう川のすぐ,落ち着いた大人の女性が、穏やかでしっとりとした声で話している。
逢川ポッド屋奈々不思議 第61回 （逢川奈々）_095.wav,そばにカバがいっぱいいてカバも耳をパタパタさせながら遊んでるのでねそういうのを見て写真を撮ったりとかしてあとは朝米国立,落ち着いた大人の女性が、穏やかでしっとりとした声で話している。
逢川ポッド屋奈々不思議 第61回 （逢川奈々）_096.wav,公園では滅多に見られないって言われているライオンメスライオンだったんですけどメスライオンもたまたま昼寝から起きてじゃあまた別のところに移動しようって言ったとこ,落ち着いた大人の女性が、穏やかでしっとりとした声で話している。
逢川ポッド屋奈々不思議 第61回 （逢川奈々）_097.wav,に偶然コークうまく出会うことができてね であの一緒にねあの5位ご同行した添乗員さんもちょべで雷を見る,落ち着いた大人の女性が、穏やかでしっとりとした声で話している。
逢川ポッド屋奈々不思議 第61回 （逢川奈々）_098.wav,本当にラッキーだって珍しいって言ってもうみんなもわーって言いそうになるんだけどでもみんなシーって言いながら一生懸命シャッターの音だけが響いてるみたいな状態で,落ち着いた大人の女性が、穏やかでしっとりとした声で話している。
逢川ポッド屋奈々不思議 第61回 （逢川奈々）_099.wav,で、そうやって動物の写真をいっぱい撮りまくって、あとはワニとかね、そういう、とにかく動物の写真を撮りまくったツアーでございましたね。はい、で、その後はビクトリアの滝を見て、で、それ…,落ち着いた大人の女性が、穏やかでしっとりとした声で話している。
逢川ポッド屋奈々不思議 第61回 （逢川奈々）_100.wav,それから今度は南アフリカ共和国に戻っていった。で、南アフリカ共和国っていうのはね、ジンバブエほどあまり野生に満ち溢れていないんです。特に、最初にヨハネスブルグに一発空襲。,落ち着いた大人の女性が、穏やかでしっとりとした声で話している。
逢川ポッド屋奈々不思議 第61回 （逢川奈々）_101.wav,その後にケープタウンというところに行くんですけども、ケープタウンなんて神戸に似てますね。,落ち着いた大人の女性が、穏やかでしっとりとした声で話している。
逢川ポッド屋奈々不思議 第61回 （逢川奈々）_102.wav,すごく街が日本で言うと神戸に近い本当に海沿いにある街なので写真とかを撮ってみるとなんかちょっと神戸っぽいなと思ってただあの国,落ち着いた大人の女性が、穏やかでしっとりとした声で話している。
逢川ポッド屋奈々不思議 第61回 （逢川奈々）_103.wav,っていうのはやはりもともとアパルトヘイトのあった国人種差別のあった国なので貧富の差は非常に激しいんですなので裕福なところ,落ち着いた大人の女性が、穏やかでしっとりとした声で話している。
逢川ポッド屋奈々不思議 第61回 （逢川奈々）_104.wav,というのは山にあるんですね高いところに登っていけば行くほどまああの裕福なお家に なるとなるんですけれどもよーく見るとその裕福なお家の4波横側にケーブル,落ち着いた大人の女性が、穏やかでしっとりとした声で話している。
逢川ポッド屋奈々不思議 第61回 （逢川奈々）_105.wav,ミニケーブルカーがあるんですよ。ミニケーブルカーがあって、そのケーブルカーを伝って下の道路に降りていくっていう金持ちぶりなんですね。一方でやっぱりこう…,落ち着いた大人の女性が、穏やかでしっとりとした声で話している。
逢川ポッド屋奈々不思議 第61回 （逢川奈々）_106.wav,地上の方、ヨハネスブルグとかでもよく見たんですけれども、そういうところだとスラム街が非常に多い、逆に。スラム街がものすごくドワーッといっぱいあって、そういうところはもう、,落ち着いた大人の女性が、穏やかでしっとりとした声で話している。
逢川ポッド屋奈々不思議 第61回 （逢川奈々）_107.wav,決意をしのぐのも大変っていう家がすごくたくさん並んでいるわけですね。そういうふうにやっぱりね、政治の傷跡というか、そういうものを垣間見るようなく。,落ち着いた大人の女性が、穏やかでしっとりとした声で話している。
逢川ポッド屋奈々不思議 第61回 （逢川奈々）_108.wav,国なんです。あとはもともとダイヤモンドの炭鉱、今でもそうなんですかね、ダイヤモンドの炭鉱地なので、あちこちにダイヤモンドを掘った、削った跡がある、岩を削った跡があるんですね。,落ち着いた大人の女性が、穏やかでしっとりとした声で話している。
逢川ポッド屋奈々不思議 第61回 （逢川奈々）_109.wav,そういうところを見ながら、さらにアパルトヘイト、世界遺産でいうとですね、いわゆるナチス収容所もそうなんですけど、フノイさんと言われているロベントの収容所。,落ち着いた大人の女性が、穏やかでしっとりとした声で話している。
逢川ポッド屋奈々不思議 第61回 （逢川奈々）_110.wav,あのまあ過去に人間が日本で言うと原爆ドームと一緒なんですねフノイさんって言って過去に人類が罪を犯したものをもう後世にも残さないためにあえて,落ち着いた大人の女性が、穏やかでしっとりとした声で話している。
逢川ポッド屋奈々不思議 第61回 （逢川奈々）_111.wav,世界遺産として残しておこうと言われているものの、負の遺産の一つとして路弁当があるんです。その路弁当というところに行ったんですけれども、南アフリカ共和国のアフリカ共和国のアフリカ共和国のアフリカ共和国のアフリカ共和国のアフリカ共和国のアフリカ共和国のアフリカ共和国のアフリカ共和国のアフリカ共和国のアフリカ共和国のアフリカ共和国のアフリカ共和国のアフリカ共和国のアフリカ共和国のアフリカ共和国のアフリカ共和国のアフリカ共和国のアフリカ共和国のアフリカ共和国のアフリカ共和国の,落ち着いた大人の女性が、穏やかでしっとりとした声で話している。
逢川ポッド屋奈々不思議 第61回 （逢川奈々）_112.wav,アパルトヘイトの人種差別を解放したマンテラ大統領という大統領が閉じ込められていた場所なんですね。なんで言ってみると、本当にもうなんていうのかな、多分お手洗いも。,落ち着いた大人の女性が、穏やかでしっとりとした声で話している。
逢川ポッド屋奈々不思議 第61回 （逢川奈々）_113.wav,ないんですよその収容所の中にお手洗いもなくて多分だからねオッケーとかそういうのなんでしょうねでも1畳ぐらいですスペースは1畳ぐらいのところが,落ち着いた大人の女性が、穏やかでしっとりとした声で話している。
逢川ポッド屋奈々不思議 第61回 （逢川奈々）_114.wav,いつも敷居になっていて、金網が張られていて、本当にもう収容所。やっぱり何でしょうね、そんなに敏感じゃない人でも、なんとなく殺風景な場所だなぁ。,落ち着いた大人の女性が、穏やかでしっとりとした声で話している。
逢川ポッド屋奈々不思議 第61回 （逢川奈々）_115.wav,周りが美しい自然に囲まれて青い海に囲まれている場所にもかかわらずなんとなくねなんかこう殺風景な雰囲気なんていうのかね独特のこう,落ち着いた大人の女性が、穏やかでしっとりとした声で話している。
逢川ポッド屋奈々不思議 第61回 （逢川奈々）_116.wav,トゲトゲしい冷たい雰囲気がなんとなく残ってるやはり元々は刑務所だ収容所だったところなんだなっていうのを感じさせられるような場所なんですよね,落ち着いた大人の女性が、穏やかでしっとりとした声で話している。
逢川ポッド屋奈々不思議 第61回 （逢川奈々）_117.wav,アパルトヘイトが終わりになる前は、黒人の方が何か罪を犯してしまうと、路弁当にすぐに送られていったという政治とかで。,落ち着いた大人の女性が、穏やかでしっとりとした声で話している。
逢川ポッド屋奈々不思議 第61回 （逢川奈々）_118.wav,ちょっとね反逆罪とかで送られてしまうとかそういうことがとても多かった場所ということで今では世界遺産になっているんですねそういう場所でもともとそのロベント収容所に,落ち着いた大人の女性が、穏やかでしっとりとした声で話している。
逢川ポッド屋奈々不思議 第61回 （逢川奈々）_119.wav,牢屋に閉じ込められていた人がガイドさんになって自分がマンデラ大統領と閉じ込められていた様子とかを説明してくださるんですね,落ち着いた大人の女性が、穏やかでしっとりとした声で話している。
逢川ポッド屋奈々不思議 第61回 （逢川奈々）_120.wav,そういうのを見たりとか、あとはその後にワインセラー、ワインの工場、南アフリカでワインが最近作られているので、ワイン工場でワインを飲んだりとか。,落ち着いた大人の女性が、穏やかでしっとりとした声で話している。
逢川ポッド屋奈々不思議 第61回 （逢川奈々）_121.wav,あと人類誕生の地みたいなそういう場所を見に行ったりとかどっちかというとジンバブエ、ボツワナ、ザンビアよりももっと人工的,落ち着いた大人の女性が、穏やかでしっとりとした声で話している。
逢川ポッド屋奈々不思議 第61回 （逢川奈々）_122.wav,本当にヨーロッパ的ですよねやっぱり白人が一時期は統治していた国なのでかなり栄えている街並みとかもそういうケープ,落ち着いた大人の女性が、穏やかでしっとりとした声で話している。
逢川ポッド屋奈々不思議 第61回 （逢川奈々）_123.wav,タウンですとかヨハネスブルグは本当にもう東京とか神戸とかそういうところとそう 作りが変わらないでまぁその中でもねやっぱり今サファリとかがあってですね朝,落ち着いた大人の女性が、穏やかでしっとりとした声で話している。
逢川ポッド屋奈々不思議 第61回 （逢川奈々）_124.wav,ファリパーク、当然日本よりも圧倒的に土地がありますのでね、ライオンとかヒョウとかがのびのびと走り、ダチョウとかね、シマウマとかがのびのびと走り回っているわけで、キリンちゃんに手を。,落ち着いた大人の女性が、穏やかでしっとりとした声で話している。
逢川ポッド屋奈々不思議 第61回 （逢川奈々）_125.wav,食われたりとかしてね餌をなかなか離さないから手で舌で一生懸命なんかね舌で一生懸命食われたりとかそういういろんな,落ち着いた大人の女性が、穏やかでしっとりとした声で話している。
逢川ポッド屋奈々不思議 第61回 （逢川奈々）_126.wav,体験をしつつね結局またヨハネスブルーゲンに戻って日本に戻ってきたなんていうねそんな体験をしたわけですね今回はね,落ち着いた大人の女性が、穏やかでしっとりとした声で話している。
逢川ポッド屋奈々不思議 第61回 （逢川奈々）_127.wav,ツアーで行かせていただいたんですが何しろ初めてなのでねやっぱりお便りでもおっしゃってたように治安が確かに良くないなので夜は外に出ちゃいけませんって言われるんです普段,落ち着いた大人の女性が、穏やかでしっとりとした声で話している。
逢川ポッド屋奈々不思議 第61回 （逢川奈々）_128.wav,私もそうなんですけど、夜は基本的に外出ないことにしてるんです。部屋に戻ったらもう次の日の朝まではもう極力出ない。で、出るとしてももうホテルの部屋の中だけ。,落ち着いた大人の女性が、穏やかでしっとりとした声で話している。
逢川ポッド屋奈々不思議 第61回 （逢川奈々）_129.wav,ホテル内だけで、もう街の外には出ないことにしてるんですが、やっぱりあんまり違う、特にヨハネスブルグっていうのはもともとビジネス街だったんですけれども、,落ち着いた大人の女性が、穏やかでしっとりとした声で話している。
逢川ポッド屋奈々不思議 第61回 （逢川奈々）_130.wav,もう今では完全にスラム化してるらしくって、なんでもともとそういうビジネス街だったところがスラム化したところっていうのは、なんとなくビルも古くて、いわゆる昭和60年。,落ち着いた大人の女性が、穏やかでしっとりとした声で話している。
逢川ポッド屋奈々不思議 第61回 （逢川奈々）_131.wav,50年ですね、40年代ぐらいの形式の古いビルが、なんとなくバーッと並んで建っているけれども、多分そんなにもう栄えてないんだろうな、みたいな。,落ち着いた大人の女性が、穏やかでしっとりとした声で話している。
逢川ポッド屋奈々不思議 第61回 （逢川奈々）_132.wav,そんな街だったりもするわけですねそういう治安もあまり良くないところでもありますがケープタウンとかはね結構眺めも綺麗ですしなかなかね景色が,落ち着いた大人の女性が、穏やかでしっとりとした声で話している。
逢川ポッド屋奈々不思議 第61回 （逢川奈々）_133.wav,も美しいですしで後テーブルマウンテンは今回結局行けなかったんですけれどもやっぱ 風が強くて34回トライしたんですけど全部ダメで最後はあの希望方ですね,落ち着いた大人の女性が、穏やかでしっとりとした声で話している。
逢川ポッド屋奈々不思議 第61回 （逢川奈々）_134.wav,希望法も見に行ったんですけれども、希望法の、希望法じゃないや、そういう、なんだっけ、希望法を、,落ち着いた大人の女性が、穏やかでしっとりとした声で話している。
逢川ポッド屋奈々不思議 第61回 （逢川奈々）_135.wav,発見した歴史の人物の名前が出てこないその人たちが作った希望城という城がありまして最後はそこを見学してね多分間違ってないよね,落ち着いた大人の女性が、穏やかでしっとりとした声で話している。
逢川ポッド屋奈々不思議 第61回 （逢川奈々）_136.wav,コーダーガマ、東インド会社、私絶対正解しだめだな、でも大学の受験日本史だし、そういうのを置いておいて、そういう人たちが立てた。,落ち着いた大人の女性が、穏やかでしっとりとした声で話している。
逢川ポッド屋奈々不思議 第61回 （逢川奈々）_137.wav,希望城というところを見学して帰りましたみたいなそんな旅行でございましたかなり駆け足で話してねもう10日間を数十分で話せつつのも,落ち着いた大人の女性が、穏やかでしっとりとした声で話している。
逢川ポッド屋奈々不思議 第61回 （逢川奈々）_138.wav,なもんなんですが非常に日本と違った カルチャーというか文化をねあの堪能できてなかなか楽しかったですね食べ物に 関してはやっぱホテルなのでどこもやっ,落ち着いた大人の女性が、穏やかでしっとりとした声で話している。
逢川ポッド屋奈々不思議 第61回 （逢川奈々）_139.wav,やっぱり4つ星5つ星ばっかりなので食べ物は結構しっかりしてるんですだから朝食もビュッフェとか出てくるしでまぁ大体海外行くと卵スクランブルエッグが,落ち着いた大人の女性が、穏やかでしっとりとした声で話している。
逢川ポッド屋奈々不思議 第61回 （逢川奈々）_140.wav,ベーコンがあってソーセージがあってパンがあってみたいな感じで食べ物は意外と普通だったんですけどもジンバブエに行った時に初めて私虫を食べまして虫ですよ,落ち着いた大人の女性が、穏やかでしっとりとした声で話している。
逢川ポッド屋奈々不思議 第61回 （逢川奈々）_141.wav,あんなに虫が嫌いって言ってたのに虫を食べちゃってで虫のもう壺の中に入ってんですよで虫を食べるとそのあなたは虫を食べましたっていう証明書ももらえるんですけどもらって,落ち着いた大人の女性が、穏やかでしっとりとした声で話している。
逢川ポッド屋奈々不思議 第61回 （逢川奈々）_142.wav,やってみたら、芋虫の黒焦げになったものが皿にのせられて、This oneって言って、どうぞみたいな感じでもらって、食べましたよ、私。証明書ももらったわけですから。,落ち着いた大人の女性が、穏やかでしっとりとした声で話している。
逢川ポッド屋奈々不思議 第61回 （逢川奈々）_143.wav,あんなに虫が嫌いって言ってたのになんで食べてみたらなんか別になんてことなかったですもう黒焦げになっているのでなんかウニウニ動くわけでもないのでなんかこう黒い,落ち着いた大人の女性が、穏やかでしっとりとした声で話している。
逢川ポッド屋奈々不思議 第61回 （逢川奈々）_144.wav,なんだかこうボソボソしたものをなんか炭っぽいものを食べてるな味しない終わりみたいなねそんなワニの尻尾も食べたりとかあとはね,落ち着いた大人の女性が、穏やかでしっとりとした声で話している。
逢川ポッド屋奈々不思議 第61回 （逢川奈々）_145.wav,バーパローのお肉も食べたりインパラだっけな普段食べないような肉も食べたりとかでね特別そうやって食べたこともありますが普段は普通のね,落ち着いた大人の女性が、穏やかでしっとりとした声で話している。
逢川ポッド屋奈々不思議 第61回 （逢川奈々）_146.wav,日本食も出ましたしあとはビュッフェがだいたい多いので食事にはそんなに困らなかったオーストラリアみたいになんじゃこりゃマジなみたいなことはなかったので,落ち着いた大人の女性が、穏やかでしっとりとした声で話している。
逢川ポッド屋奈々不思議 第61回 （逢川奈々）_147.wav,それは良かったかななんて思っておりますね。,落ち着いた大人の女性が、穏やかでしっとりとした声で話している。
逢川ポッド屋奈々不思議 第61回 （逢川奈々）_148.wav,というわけでね、アフリカ旅行、私なりにまとめて永遠と取り留めなく喋ってみましたがね、皆さんもどっちかというと、あれですよ。,落ち着いた大人の女性が、穏やかでしっとりとした声で話している。
逢川ポッド屋奈々不思議 第61回 （逢川奈々）_149.wav,自然遺産を先に潰した方がいいと思いますね一緒に旅行した人に他に何かおすすめの場所あるって言ったらどこだったかな、タージマハールじゃないな,落ち着いた大人の女性が、穏やかでしっとりとした声で話している。
逢川ポッド屋奈々不思議 第61回 （逢川奈々）_150.wav,やっぱりねアジアの遺産は意外と保護されていないので保護されていないから地震が来たら一発でお釈迦になるから,落ち着いた大人の女性が、穏やかでしっとりとした声で話している。
逢川ポッド屋奈々不思議 第61回 （逢川奈々）_151.wav,アジアの遺産は早めに見といた方がいいよっていうのとあとは今やっぱり温暖化で地球の温暖化で見られなくなってくる自然遺産が増えてくるんですってなんでしそういう,落ち着いた大人の女性が、穏やかでしっとりとした声で話している。
逢川ポッド屋奈々不思議 第61回 （逢川奈々）_152.wav,管理の甘い寺とかそういうところとあとは自然遺産とかを先に見とくといいんじゃないかって話したりもしたんでねそういうところをね,落ち着いた大人の女性が、穏やかでしっとりとした声で話している。
逢川ポッド屋奈々不思議 第61回 （逢川奈々）_153.wav,逆にヨーロッパとかは治安がしっかりしてるし、建物もやっぱりね、観光地として管理されてるので、意外ともっと、もう本当に何十年後に行っても多分安全なところがある。,落ち着いた大人の女性が、穏やかでしっとりとした声で話している。
逢川ポッド屋奈々不思議 第61回 （逢川奈々）_154.wav,ところが多いと思うんでねなんで逆にそういうこう自然遺産とかそういうこういいバディも潰れそうな場所先に抑えておくといいんじゃないかなーなんて思いましたねというわけで私最後,落ち着いた大人の女性が、穏やかでしっとりとした声で話している。
逢川ポッド屋奈々不思議 第61回 （逢川奈々）_155.wav,南アメリカを残すところとなりましたあと一つですねはいいつになるかは分かりませんがもう絶対行きたいですね一番行きたいと思っている場所が結局,落ち着いた大人の女性が、穏やかでしっとりとした声で話している。
逢川ポッド屋奈々不思議 第61回 （逢川奈々）_156.wav,一番最後になってしまいましたはいそんなわけで皆さんもぜひ日本でもいいと思いますというか私9月ちょっとプラッと旅行行こうかなと思ってるんでね旅に出てみて,落ち着いた大人の女性が、穏やかでしっとりとした声で話している。
逢川ポッド屋奈々不思議 第61回 （逢川奈々）_157.wav,くださいとってもいいと思います七不思議なんでも盛り上げちゃうコーナーでした,落ち着いた大人の女性が、穏やかでしっとりとした声で話している。
逢川ポッド屋奈々不思議 第61回 （逢川奈々）_158.wav,たーま,落ち着いた大人の女性が、穏やかでしっとりとした声で話している。
逢川ポッド屋奈々不思議 第61回 （逢川奈々）_160.wav,魂のなりこのコーナーではもしアイテムが言葉を喋ったら何というかというコンセプトをもとに私がアイテムをお題を出しますので皆さんにセリフを考えて,落ち着いた大人の女性が、穏やかでしっとりとした声で話している。
逢川ポッド屋奈々不思議 第61回 （逢川奈々）_161.wav,いただくというコーナーでございますそしてここで一つお知らせです ワンタンワンダーランドのコーナーですがあのいつもですねお一人の方ばっかりがずっと送り続けるということ,落ち着いた大人の女性が、穏やかでしっとりとした声で話している。
逢川ポッド屋奈々不思議 第61回 （逢川奈々）_162.wav,前回の最後のワンタンワンダーランド前々回ですねワンタンワンダーランドをもって終了とさせていただきました長い間お付き合い,落ち着いた大人の女性が、穏やかでしっとりとした声で話している。
逢川ポッド屋奈々不思議 第61回 （逢川奈々）_163.wav,いただきありがとうございますというわけで今回から魂のうなりだけになりますので皆さんよろしくお付き合いください,落ち着いた大人の女性が、穏やかでしっとりとした声で話している。
逢川ポッド屋奈々不思議 第61回 （逢川奈々）_164.wav,というわけで、前回といっても2ヶ月前、超久しぶりですが、ハンガーという、ちょうど私ハンガーをいっぱい買いまくってた頃だったので、ハンガーというお題を出した。,落ち着いた大人の女性が、穏やかでしっとりとした声で話している。
逢川ポッド屋奈々不思議 第61回 （逢川奈々）_165.wav,ところなかなか意外と数が来ましたのでざっと紹介していこうと思います まずは工事アットワークさんからのお便りありがとうございます,落ち着いた大人の女性が、穏やかでしっとりとした声で話している。
逢川ポッド屋奈々不思議 第61回 （逢川奈々）_166.wav,ダメだって。俺にカーディガンは似合わないってわ。,落ち着いた大人の女性が、穏やかでしっとりとした声で話している。
逢川ポッド屋奈々不思議 第61回 （逢川奈々）_167.wav,お邪魔します工事アットワークですありがとうございますはい前回の番組でナナさんがおっしゃっていましたがハンガーにもいろんな種類がありますね一人暮らしを始めた,落ち着いた大人の女性が、穏やかでしっとりとした声で話している。
逢川ポッド屋奈々不思議 第61回 （逢川奈々）_168.wav,このところは針金のハンガーにセーターやカーディガンをかけてしまい、よく型崩れさせてしまいました。,落ち着いた大人の女性が、穏やかでしっとりとした声で話している。
逢川ポッド屋奈々不思議 第61回 （逢川奈々）_169.wav,こんなことを女の子ならみんな知っているのにね、と母に言われた記憶がありますが、女の子はどこでそんなことを覚えるんだろうと、いまだに謎のままです。よろしければこの秘密を教えていただけないでしょうか。,落ち着いた大人の女性が、穏やかでしっとりとした声で話している。
逢川ポッド屋奈々不思議 第61回 （逢川奈々）_170.wav,では答えは簡単です母親が教えてくれるんです私もちなみに母親に教わりましたよいつまで経ってもですよ私針金に,落ち着いた大人の女性が、穏やかでしっとりとした声で話している。
逢川ポッド屋奈々不思議 第61回 （逢川奈々）_171.wav,針金のハンガーにセーターやカーディガンをかけてた人間ですよでもある日言われましたねあんたって言われてそういうことしたら伸びちゃうじゃない,落ち着いた大人の女性が、穏やかでしっとりとした声で話している。
逢川ポッド屋奈々不思議 第61回 （逢川奈々）_172.wav,おしゃれな女の子はすぐ気づくんです針金のハンガーをかけてお気に入りのセーターをかけると肩崩れするっていうのを知ってるんで私みたいに面倒くさがりは親に怒られないと,落ち着いた大人の女性が、穏やかでしっとりとした声で話している。
逢川ポッド屋奈々不思議 第61回 （逢川奈々）_173.wav,わかんないんですがおしゃれな女の子はお気に入りのセーターをそうやってかけるハンガーにかかり金のハンガーにかけるとすぐに形がビローンと伸びてだらしない感じのあのちんまりふわって,落ち着いた大人の女性が、穏やかでしっとりとした声で話している。
逢川ポッド屋奈々不思議 第61回 （逢川奈々）_174.wav,感じが出ないっていうのを知ってるんですね体験としてだから皆さん何かと知ってるんだと思うんですけれども私みたいにめんどくさがりの人間は親に怒られて学ぶんです,落ち着いた大人の女性が、穏やかでしっとりとした声で話している。
逢川ポッド屋奈々不思議 第61回 （逢川奈々）_175.wav,はいというわけで多分それのどっちかです自分ですごくお気に入りのセーターを買ってうっかり針金のハンガーにかけてみたら伸びてしまったという,落ち着いた大人の女性が、穏やかでしっとりとした声で話している。
逢川ポッド屋奈々不思議 第61回 （逢川奈々）_176.wav,受けた人かいつまでたっても針金のハンガーにダラーンとかけて親に怒られたかどっちかじゃないかと思いますねあとは別のパターンですねこれ特殊ですが例えば旅行に,落ち着いた大人の女性が、穏やかでしっとりとした声で話している。
逢川ポッド屋奈々不思議 第61回 （逢川奈々）_177.wav,女の子同士女の子同士の旅行って何気に疲れるんですよまあいいやそうなんです楽しいんですけどねそういう時にハンガーが,落ち着いた大人の女性が、穏やかでしっとりとした声で話している。
逢川ポッド屋奈々不思議 第61回 （逢川奈々）_178.wav,やっぱりちょっと古めの旅館だと針金のハンガーがペッとかかってたりするわけですよそういう時に何気にセーターをかけてしまったりするとえー,落ち着いた大人の女性が、穏やかでしっとりとした声で話している。
逢川ポッド屋奈々不思議 第61回 （逢川奈々）_179.wav,おしゃれな女の子だったらそういうリアクションします。,落ち着いた大人の女性が、穏やかでしっとりとした声で話している。
逢川ポッド屋奈々不思議 第61回 （逢川奈々）_180.wav,伸びちゃうじゃんセーターって言われるそこで学ぶんですねそういうことか,落ち着いた大人の女性が、穏やかでしっとりとした声で話している。
逢川ポッド屋奈々不思議 第61回 （逢川奈々）_181.wav,気にしない人とかは、そうだよね、ごめんねとか言ってかけ直すんですけれども、そういうところで初めて知るみたいな人もきっといるんじゃないか。,落ち着いた大人の女性が、穏やかでしっとりとした声で話している。
逢川ポッド屋奈々不思議 第61回 （逢川奈々）_182.wav,と思いますね。そんなところでございますがいかがでしょう。どうもありがとうございますはい、次です,落ち着いた大人の女性が、穏やかでしっとりとした声で話している。
逢川ポッド屋奈々不思議 第61回 （逢川奈々）_183.wav,パットンさんからの便り、ありがとうございます。ハンガー曰く。,落ち着いた大人の女性が、穏やかでしっとりとした声で話している。
逢川ポッド屋奈々不思議 第61回 （逢川奈々）_184.wav,あなたの悩みもかけてあげたい。,落ち着いた大人の女性が、穏やかでしっとりとした声で話している。
逢川ポッド屋奈々不思議 第61回 （逢川奈々）_185.wav,渋いなはいパットンですありがとうございます私は相談されることが多いのですがこれはこれでストレスがたまりますできれば私の悩みもハンガーにかけて,落ち着いた大人の女性が、穏やかでしっとりとした声で話している。
逢川ポッド屋奈々不思議 第61回 （逢川奈々）_186.wav,欲しいものですそしてホスがいいと思うよ奈々さんは相談を受けることはありますかついこないだ会ってさなんか相談を受けて,落ち着いた大人の女性が、穏やかでしっとりとした声で話している。
逢川ポッド屋奈々不思議 第61回 （逢川奈々）_187.wav,うん、そうだねって言ったんだけど、なんかそれが変な風に広がっちゃって、なんか思わぬところに飛び火して、なんかね、ちょっとあなたそんなこと言って。,落ち着いた大人の女性が、穏やかでしっとりとした声で話している。
逢川ポッド屋奈々不思議 第61回 （逢川奈々）_188.wav,まずいですよみたいな話になり,落ち着いた大人の女性が、穏やかでしっとりとした声で話している。
逢川ポッド屋奈々不思議 第61回 （逢川奈々）_189.wav,もうねすぐこうですよ私が相談に乗ると,落ち着いた大人の女性が、穏やかでしっとりとした声で話している。
逢川ポッド屋奈々不思議 第61回 （逢川奈々）_190.wav,うんそうだねって言ってるだけなのにそういう大きなことになるんですねなんで私は普段逆によっぽどのことがない限りあの人の相談に乗ってあげてほしい,落ち着いた大人の女性が、穏やかでしっとりとした声で話している。
逢川ポッド屋奈々不思議 第61回 （逢川奈々）_191.wav,ということがない限り自分からそういう相談されてもちょっとやんわりとことあるんだけど私も結構多いのがね,落ち着いた大人の女性が、穏やかでしっとりとした声で話している。
逢川ポッド屋奈々不思議 第61回 （逢川奈々）_192.wav,声優になりたいっていう相談何度か受けましたね,落ち着いた大人の女性が、穏やかでしっとりとした声で話している。
逢川ポッド屋奈々不思議 第61回 （逢川奈々）_193.wav,もうなんかここだけのお話というか本当リスナーさんだけの話なんですけど,落ち着いた大人の女性が、穏やかでしっとりとした声で話している。
逢川ポッド屋奈々不思議 第61回 （逢川奈々）_194.wav,結構年齢的にはですねもう結構ねそろそろ何かしら仕事しないとまずいよって落としなわけですよ皆さんでそういう時に言われるわけですまあちょっと,落ち着いた大人の女性が、穏やかでしっとりとした声で話している。
逢川ポッド屋奈々不思議 第61回 （逢川奈々）_195.wav,ああ、そうなんだ。何やりたいの?アニメ。もうみんな同じなの。アニメがやりたいんですけどって言われる。ああ、そうなんだ。でもあなたの歳だとアニメ業界じゃ。,落ち着いた大人の女性が、穏やかでしっとりとした声で話している。
逢川ポッド屋奈々不思議 第61回 （逢川奈々）_196.wav,ババアだよって言っちゃうのはっきりそうするとそれは分かってるんですけどだったらお母さんとか男の子とか男の子なんてもっと仕事ないよ,落ち着いた大人の女性が、穏やかでしっとりとした声で話している。
逢川ポッド屋奈々不思議 第61回 （逢川奈々）_197.wav,もうだいたいね声優さん業界ではもう男の子の声優できる人って決まってるんだから入り込めないじゃんおばあさんおばあさんでいわゆるベテランのねあの人たちがもうガチで固めちゃってる,落ち着いた大人の女性が、穏やかでしっとりとした声で話している。
逢川ポッド屋奈々不思議 第61回 （逢川奈々）_198.wav,だからもうそこら辺でもよっぽどコネがないと入ることができないよっていう,落ち着いた大人の女性が、穏やかでしっとりとした声で話している。
逢川ポッド屋奈々不思議 第61回 （逢川奈々）_199.wav,そうなんですねでもなんかお芝居とかやれれば何でもいいですって言うからそうなんだ例えばさエロゲとかってどうなのって聞くそんなのできません,落ち着いた大人の女性が、穏やかでしっとりとした声で話している。
逢川ポッド屋奈々不思議 第61回 （逢川奈々）_200.wav,前なんか事務所に行った時にエロゲの仕事来たんですけど断っちゃったんですとか言うからあそうなんだそういうのなんかあんま好きじゃないのそうですね,落ち着いた大人の女性が、穏やかでしっとりとした声で話している。
逢川ポッド屋奈々不思議 第61回 （逢川奈々）_201.wav,この間収録その他の人とかも収録とか言ったんですけどなんか最初の15分で泣いて帰っちゃったらしいんですよとか聞いたそうですかとかじゃあちょっと私では,落ち着いた大人の女性が、穏やかでしっとりとした声で話している。
逢川ポッド屋奈々不思議 第61回 （逢川奈々）_202.wav,ちょっとあのどうにもできないのであのちょっとアニメは難しいよってことしか言えませんみたいなそんな相談ですよなかなかコアな話をしましたよ私,落ち着いた大人の女性が、穏やかでしっとりとした声で話している。
逢川ポッド屋奈々不思議 第61回 （逢川奈々）_203.wav,そういう相談ですねそんな相談ですねパットンさんねこれはこれでストレスがたまりますってわかりますよ,落ち着いた大人の女性が、穏やかでしっとりとした声で話している。
逢川ポッド屋奈々不思議 第61回 （逢川奈々）_204.wav,どう言えばいいんですかねああいうのねあなたもう無理だよとはやっぱり言えないわけですよ私自身も言われましたもんだってまだ声の仕事を始めるずっと前,落ち着いた大人の女性が、穏やかでしっとりとした声で話している。
逢川ポッド屋奈々不思議 第61回 （逢川奈々）_205.wav,結構有名な人に、辞めることも考えた方がいいよって言われたことあるんですよ。なんで本当に一回辞めたんですけど、なんでこんなことになってんのかなみたいな。そんな感じで、本当一回辞めたんですよ。,落ち着いた大人の女性が、穏やかでしっとりとした声で話している。
逢川ポッド屋奈々不思議 第61回 （逢川奈々）_206.wav,んですけどねって感じですけどねはい人生 わからないものでございますねあの相談を受けるってことはそれだけ信頼されている ということですからねあの抱え込まずに,落ち着いた大人の女性が、穏やかでしっとりとした声で話している。
逢川ポッド屋奈々不思議 第61回 （逢川奈々）_207.wav,たまにはね、ハンガーにかけて、そして猛暑ですからね、日向に干しておくとあっという間に、悩みと一緒に嫌なオーラも蒸発していくんじゃないかと思いますが。,落ち着いた大人の女性が、穏やかでしっとりとした声で話している。
逢川ポッド屋奈々不思議 第61回 （逢川奈々）_208.wav,いかがでしょうか。というわけで、どうもありがとうございます。ねえ、何かとめんどくさいよね。はい、次のお便りです。時の音、青葉さんからのお便りです。ありがとうございます。ハンガーの…,落ち着いた大人の女性が、穏やかでしっとりとした声で話している。
逢川ポッド屋奈々不思議 第61回 （逢川奈々）_209.wav,たまには着なよ、この服。かけっぱなしにされると肩が凝るんだよね。,落ち着いた大人の女性が、穏やかでしっとりとした声で話している。
逢川ポッド屋奈々不思議 第61回 （逢川奈々）_210.wav,たまには着なよこの服かけっぱなしにされると肩が凝るんだよね はいというわけでコメントですね何やり直ししてんだかこんにちは自分は,落ち着いた大人の女性が、穏やかでしっとりとした声で話している。
逢川ポッド屋奈々不思議 第61回 （逢川奈々）_211.wav,パリボーにだいたいかけっぱなしにしています楽でいいのですがいい加減着ない服は畳んでしまわないとハンガーが足りなくなって困ります私は超ハンガーが足りなくなっちゃった状態で思い,落ち着いた大人の女性が、穏やかでしっとりとした声で話している。
逢川ポッド屋奈々不思議 第61回 （逢川奈々）_212.wav,断捨離しましたよ。今日の朝、まるっと捨てました。まるっと捨てた。それでもまだね、ハンガーは余りましたが、ちょっとスペースがね。,落ち着いた大人の女性が、穏やかでしっとりとした声で話している。
逢川ポッド屋奈々不思議 第61回 （逢川奈々）_213.wav,あのなくて今片付けの真っ最中でございますねはい服はもう着ない着なかったら捨てちゃった方がいいですというわけであの詳しくはなんだっけなときめき,落ち着いた大人の女性が、穏やかでしっとりとした声で話している。
逢川ポッド屋奈々不思議 第61回 （逢川奈々）_214.wav,なんだっけときめきがなんとかする片付けの魔法とかいうときめきが輝く片付けの魔法違うと思うなんかあのそういう本がありますのでね片付けマニュアルを見るといいんじゃないか,落ち着いた大人の女性が、穏やかでしっとりとした声で話している。
逢川ポッド屋奈々不思議 第61回 （逢川奈々）_215.wav,思います。頑張れ。無駄な応援。はい、ありがとうございます。ずしおさんからのお便りいきます。ハンガーのうなり。俺は武器じゃねー!男なら。,落ち着いた大人の女性が、穏やかでしっとりとした声で話している。
逢川ポッド屋奈々不思議 第61回 （逢川奈々）_216.wav,子供時代一度はやったことがあるはずです。竹田哲也さんの刑事物語。これだけは書かずにいられませんでした。そうなんだ。いやー、仲間がいますよ。,落ち着いた大人の女性が、穏やかでしっとりとした声で話している。
逢川ポッド屋奈々不思議 第61回 （逢川奈々）_217.wav,次のお便りです奈良さんこんにちはスーパーアールですハンガーといえば映画刑事物語シリーズで二人で仲良く面白いよね主演の竹田,落ち着いた大人の女性が、穏やかでしっとりとした声で話している。
逢川ポッド屋奈々不思議 第61回 （逢川奈々）_218.wav,哲也がヌンチャクのように武器にしていたことを思い出します。,落ち着いた大人の女性が、穏やかでしっとりとした声で話している。
逢川ポッド屋奈々不思議 第61回 （逢川奈々）_219.wav,たまたまプラスチック製のを使ったらすぐ割れちゃって、木製のを探したりとか。ハンガー、なんか俺と同じのがこんなにたくさん、というか貧乏くさいぞ。,落ち着いた大人の女性が、穏やかでしっとりとした声で話している。
逢川ポッド屋奈々不思議 第61回 （逢川奈々）_220.wav,針金製はスーツをクリーニングに出すと返却時に使われる針金ハンガー捨てるのもしのびないので再利用洗濯干すのに使用したりTシャツとか保管するのにそのまま使ってたり,落ち着いた大人の女性が、穏やかでしっとりとした声で話している。
逢川ポッド屋奈々不思議 第61回 （逢川奈々）_221.wav,長いことため込んでいるのでかなりの数があります他に使い道はないかしら今回はこんなところでそれではというお便りですねありがとうございますはいずしおさんとスーパーアルさんはきっとお友達になれる,落ち着いた大人の女性が、穏やかでしっとりとした声で話している。
逢川ポッド屋奈々不思議 第61回 （逢川奈々）_222.wav,と思うんでいつか語り合ってくださいとかよくわからないことを言っていますがそうですか やっぱりねハンガーで捨てて遊ぶ人もいるんだねはいでもう一つですね針金せえっとねあっ,落ち着いた大人の女性が、穏やかでしっとりとした声で話している。
逢川ポッド屋奈々不思議 第61回 （逢川奈々）_223.wav,私がいつもお世話になっているところはプラスチック製なんですけれども、そこはリサイクルできるんですよ。なので、当店で使用したハンガーは、当店でスタッフが使っているハンガーを使っているんです。,落ち着いた大人の女性が、穏やかでしっとりとした声で話している。
逢川ポッド屋奈々不思議 第61回 （逢川奈々）_224.wav,たび来店された際にあの私いただければこちらで受け取りますって言われますよ なんで針金製のハンガーを全部まるっと集めて持って行くといいと思いますよちょっとこれつ,落ち着いた大人の女性が、穏やかでしっとりとした声で話している。
逢川ポッド屋奈々不思議 第61回 （逢川奈々）_225.wav,使わないんですけどリサイクルしてもらえませんか意外と受け取ってくれるかもしれませんというわけですごいよね魂のうなり意外と来ててめっちゃ充実してて大感激,落ち着いた大人の女性が、穏やかでしっとりとした声で話している。
逢川ポッド屋奈々不思議 第61回 （逢川奈々）_226.wav,大感謝大感動どうもありがとうございますはいというわけでですね魂のうなりだけになってしまいましたこのコーナースーパーアールさんもいるし大丈夫みたいなそんな,落ち着いた大人の女性が、穏やかでしっとりとした声で話している。
逢川ポッド屋奈々不思議 第61回 （逢川奈々）_227.wav,感じですね はいそういうわけで次のえっと次のお便りじゃない次のアイテムを考えましょう次のアイテムって私,落ち着いた大人の女性が、穏やかでしっとりとした声で話している。
逢川ポッド屋奈々不思議 第61回 （逢川奈々）_228.wav,超その場なんですよ。だからこうやって次のアイテムなんですがって言いながら周りを見るんだけど、周りには特にもう何もなくてですね。じゃあ、,落ち着いた大人の女性が、穏やかでしっとりとした声で話している。
逢川ポッド屋奈々不思議 第61回 （逢川奈々）_229.wav,えっと難しくって困るやつにしようえっと上路,落ち着いた大人の女性が、穏やかでしっとりとした声で話している。
逢川ポッド屋奈々不思議 第61回 （逢川奈々）_230.wav,どうです?浄露ですよ。なんで浄露かわかりますか?私最近、例えば真昼間とかに外出かけて帰ってくるじゃないですか。そしたら先に浄露に水を。,落ち着いた大人の女性が、穏やかでしっとりとした声で話している。
逢川ポッド屋奈々不思議 第61回 （逢川奈々）_231.wav,入れるんです今年はね私全然花を育てなかったのトマトも育てそびれて6月の最初家も開けるしと思って何も育ってないから土,落ち着いた大人の女性が、穏やかでしっとりとした声で話している。
逢川ポッド屋奈々不思議 第61回 （逢川奈々）_232.wav,1が入った鉢植えばっかりがいっぱい並んでるっていう殺風景な状態なんですが、それでも蒸炉に水を溜める。何をするかというと、ベランダに水まくんです。そうすると一瞬だけちょっと,落ち着いた大人の女性が、穏やかでしっとりとした声で話している。
逢川ポッド屋奈々不思議 第61回 （逢川奈々）_233.wav,外から気化熱を奪われた状態でちょっと涼しくなるんですねなので外に玄関に玄関じゃない,落ち着いた大人の女性が、穏やかでしっとりとした声で話している。
逢川ポッド屋奈々不思議 第61回 （逢川奈々）_234.wav,ベランダに浄露で水をまいてちょっと涼しくなるんですがだいたい30分ぐらいするともう乾き始めてなんか元に戻っちゃったもう一回浄露で水を貯めようみたいなそんな生活をしているので浄露,落ち着いた大人の女性が、穏やかでしっとりとした声で話している。
逢川ポッド屋奈々不思議 第61回 （逢川奈々）_235.wav,皆さんジョールを使います男の人に向かってジョールでなんかセリフ考えてとかむちゃくちゃいいところですがぜひよろしくお願いしますめちゃめちゃお便りいっぱい来てて,落ち着いた大人の女性が、穏やかでしっとりとした声で話している。
逢川ポッド屋奈々不思議 第61回 （逢川奈々）_237.wav,僕のお国自慢このコーナーは皆さんが住んでいる,落ち着いた大人の女性が、穏やかでしっとりとした声で話している。
逢川ポッド屋奈々不思議 第61回 （逢川奈々）_238.wav,日本のどこかの県あるいは旅行に行ったことがある日本のどこかの県ちょっと行ってみたいなと妄想を膨らませている日本のどこかの県これらの県を拾ってですね,落ち着いた大人の女性が、穏やかでしっとりとした声で話している。
逢川ポッド屋奈々不思議 第61回 （逢川奈々）_239.wav,県に国名をつけてですねそしてそこの場所の良さを延々と紹介していくというコーナーでございますねこのお便りに初投稿が来ました本当にどうもありがとう,落ち着いた大人の女性が、穏やかでしっとりとした声で話している。
逢川ポッド屋奈々不思議 第61回 （逢川奈々）_240.wav,本当ありがたいですというわけで紹介していこうと思いますいきます初めましてこんにちはいつも拝聴しているだけなのですが初めて投稿してみましたはい,落ち着いた大人の女性が、穏やかでしっとりとした声で話している。
逢川ポッド屋奈々不思議 第61回 （逢川奈々）_241.wav,思ったよりありがとうございます私が紹介したいのは京都にある不思議の国じゃあ今回は京都の不思議の国ですね不死身稲荷大社です,落ち着いた大人の女性が、穏やかでしっとりとした声で話している。
逢川ポッド屋奈々不思議 第61回 （逢川奈々）_242.wav,伏見稲荷大社は京都市伏見区にある神社である稲荷神を祀る全国約4万社の稲荷神社の総合群とされる,落ち着いた大人の女性が、穏やかでしっとりとした声で話している。
逢川ポッド屋奈々不思議 第61回 （逢川奈々）_243.wav,稲荷山の麓に本殿があり稲荷山全体を新域とするなるほどウィキペディアより私は京都の大学に通っているのですが落ち込んだ時現実,落ち着いた大人の女性が、穏やかでしっとりとした声で話している。
逢川ポッド屋奈々不思議 第61回 （逢川奈々）_244.wav,逃避したい時にいつも伏見稲荷に行きます麓の本殿も見応えはあるのですが一番のおすすめは稲荷山には信者から奉納された約,落ち着いた大人の女性が、穏やかでしっとりとした声で話している。
逢川ポッド屋奈々不思議 第61回 （逢川奈々）_245.wav,一万木の鳥居がありお山と呼ばれる稲荷山を巡廃できる山道に平日に一人で歩くことです人が少なく,落ち着いた大人の女性が、穏やかでしっとりとした声で話している。
逢川ポッド屋奈々不思議 第61回 （逢川奈々）_246.wav,延々と鳥居が続く山道を歩くことで神秘的な気持ちに慣れてリフレッシュできます登山から下山するまで大体2時間近くかかるので,落ち着いた大人の女性が、穏やかでしっとりとした声で話している。
逢川ポッド屋奈々不思議 第61回 （逢川奈々）_247.wav,お時間に余裕を持っていかれることをお勧めします最後に私ごとで恐縮ですが現在就職活動中でうまくいかず,落ち着いた大人の女性が、穏やかでしっとりとした声で話している。
逢川ポッド屋奈々不思議 第61回 （逢川奈々）_248.wav,日がふさぎ気味なので励ましの言葉をいただけるとありがたいですでは切な長文で失礼しましたというお便りいやーもう初投稿大歓迎本当にどうもありがとう,落ち着いた大人の女性が、穏やかでしっとりとした声で話している。
逢川ポッド屋奈々不思議 第61回 （逢川奈々）_249.wav,そうか、今日とか私は奈良県にあるんだけれども,落ち着いた大人の女性が、穏やかでしっとりとした声で話している。
逢川ポッド屋奈々不思議 第61回 （逢川奈々）_250.wav,私今名前がちょっとパッと出てこないほら夏だからさきっと脳みそと一緒に流れ出ちゃったんだと思うんだ天川神社,落ち着いた大人の女性が、穏やかでしっとりとした声で話している。
逢川ポッド屋奈々不思議 第61回 （逢川奈々）_251.wav,毎日お守り持ち歩いてるのに名前忘れるってどういうことみたいなね天川神社ですよ私にとってのいわゆる聖域スポット,落ち着いた大人の女性が、穏やかでしっとりとした声で話している。
逢川ポッド屋奈々不思議 第61回 （逢川奈々）_252.wav,もともと声優さんたちとご一緒させていただいていったんですけどとってもこうなるのが空気の澄んだ,落ち着いた大人の女性が、穏やかでしっとりとした声で話している。
逢川ポッド屋奈々不思議 第61回 （逢川奈々）_253.wav,本当に聖地と言われるなんていうか不思議な場所でね山奥にあってやっぱりなかなか車じゃないと行けないしでも車で行ってもすごく離れた場所で,落ち着いた大人の女性が、穏やかでしっとりとした声で話している。
逢川ポッド屋奈々不思議 第61回 （逢川奈々）_254.wav,山の奥の奥、もうなんていうのかな、バスで行っても延々と何時間もかかるような、なんだかそんな不思議な場所でございまして、なんでそこですね、天川神社。,落ち着いた大人の女性が、穏やかでしっとりとした声で話している。
逢川ポッド屋奈々不思議 第61回 （逢川奈々）_255.wav,というのが私にとっての癒しスポットなんですが京都にもあるんですね伏見稲荷大社という場所京都は私が一番好きな場所は,落ち着いた大人の女性が、穏やかでしっとりとした声で話している。
逢川ポッド屋奈々不思議 第61回 （逢川奈々）_256.wav,大原なんですけれども本当にいろんな見どころがあるというか山に囲まれた盆地でございますので秋なんかかなり冷え冷えとして,落ち着いた大人の女性が、穏やかでしっとりとした声で話している。
逢川ポッド屋奈々不思議 第61回 （逢川奈々）_257.wav,であの修学旅行も2回行ったみたいな記憶があるわけですけれどもああそうなんですねこれどうやってルートで行くのかなちょっと調べてみようかな実は9月にちょっとあの,落ち着いた大人の女性が、穏やかでしっとりとした声で話している。
逢川ポッド屋奈々不思議 第61回 （逢川奈々）_258.wav,関西の方、関西というか京都、奈良、大阪、どこかのそういう聖地スポットに足を運んでみようかな青春18切符で,落ち着いた大人の女性が、穏やかでしっとりとした声で話している。
逢川ポッド屋奈々不思議 第61回 （逢川奈々）_259.wav,と思ってるのでそんなことをまた考えているのでねもしなんかご縁があればちょっとそういうところもチェックしたいなと思っておりますね不死身なり大社かわかりました,落ち着いた大人の女性が、穏やかでしっとりとした声で話している。
逢川ポッド屋奈々不思議 第61回 （逢川奈々）_260.wav,もともと今のところは予定は天川神社なんですけれどもね。はい、そんなわけでございますね。本当に初投稿どうもありがとうございます。2ヶ月ぶりなのに皆さんのおかげで、はい、とても充実しています。,落ち着いた大人の女性が、穏やかでしっとりとした声で話している。
逢川ポッド屋奈々不思議 第61回 （逢川奈々）_261.wav,はいというわけで僕のお国自慢コーナーこのコーナーでは皆さんが住んでいる地域を自慢するというコンセプトをもとにですねお便りでその地域の良さを紹介,落ち着いた大人の女性が、穏やかでしっとりとした声で話している。
逢川ポッド屋奈々不思議 第61回 （逢川奈々）_262.wav,今回するというコーナーでございますのでねこうやってまだ送ったことないんだけどいつも聞いてるだけなんだけどっていう方大歓迎でございますぜひお便りを送ってみてください,落ち着いた大人の女性が、穏やかでしっとりとした声で話している。
逢川ポッド屋奈々不思議 第61回 （逢川奈々）_263.wav,そして、最後に私ごとでのお話ですが、これはラストにちょっと話そうかなと思っておりますので、もう少々お待ちください。,落ち着いた大人の女性が、穏やかでしっとりとした声で話している。
逢川ポッド屋奈々不思議 第61回 （逢川奈々）_264.wav,はい、というわけでアイカポテア七不思議第61回非常に充実して,落ち着いた大人の女性が、穏やかでしっとりとした声で話している。
逢川ポッド屋奈々不思議 第61回 （逢川奈々）_265.wav,はいあの最後まで行くことができたと思います本当皆さんのおかげですありがとう というわけでねさっきの僕の奥に自慢コーナーで初投稿していただいた方お名前を抱っ,落ち着いた大人の女性が、穏やかでしっとりとした声で話している。
逢川ポッド屋奈々不思議 第61回 （逢川奈々）_266.wav,クラビットさんという方ですねはい本当にどうもありがとうございますで先ほどお便りで読ませていただきました就職活動中でうまくいかずということなんですがえーと,落ち着いた大人の女性が、穏やかでしっとりとした声で話している。
逢川ポッド屋奈々不思議 第61回 （逢川奈々）_267.wav,超ぶっちゃけ言うと、私はずーっとフリーターだったので、フリーターと派遣社員だったので、なんで、縁だと思いますね。,落ち着いた大人の女性が、穏やかでしっとりとした声で話している。
逢川ポッド屋奈々不思議 第61回 （逢川奈々）_268.wav,やっぱり今の時代、社員になるっていうのは本当に大変なんですよ。で、特に営業なんかはね、余ってるんですって。で、以前、まあ、やっぱりいろいろね、あの回った時に、,落ち着いた大人の女性が、穏やかでしっとりとした声で話している。
逢川ポッド屋奈々不思議 第61回 （逢川奈々）_269.wav,とある製作会社で営業を2人募集したっていうのだけどその2人の営業につき200人の応募があったっていうんですよ倍率100倍ですよなんでもうなんか,落ち着いた大人の女性が、穏やかでしっとりとした声で話している。
逢川ポッド屋奈々不思議 第61回 （逢川奈々）_270.wav,うまくいかなくてなかなか決まらないギリギリまで就職活動で頑張ってみてちょっと無理だったらアルバイトから入って中途採用と,落ち着いた大人の女性が、穏やかでしっとりとした声で話している。
逢川ポッド屋奈々不思議 第61回 （逢川奈々）_271.wav,中途採用っていうんじゃないよななんかありますよねあの最初アルバイトで入って途中からの社員さんになるっていうのあるじゃないですかああいう選択肢もありだと思いますねまあおそらく男性の,落ち着いた大人の女性が、穏やかでしっとりとした声で話している。
逢川ポッド屋奈々不思議 第61回 （逢川奈々）_272.wav,方ではないかと思うので私の知り合いでももともとは派遣で入ったんだけどもでもそのまま働いて社員に昇格したという方もいらっしゃるのでなんで逆に派遣だと,落ち着いた大人の女性が、穏やかでしっとりとした声で話している。
逢川ポッド屋奈々不思議 第61回 （逢川奈々）_273.wav,とっても入りやすいと思うんですよ。年齢、就職活動中の方でしたら。なんでパソコンのスキル、Excel、Word、PowerPointの3つをちゃんと押さえておいて、それなりに基本的なジムを。,落ち着いた大人の女性が、穏やかでしっとりとした声で話している。
逢川ポッド屋奈々不思議 第61回 （逢川奈々）_274.wav,だったらば僕バイトでできますからってアピールしてでそこの会社でバイトで入った バイトなり派遣社員で入ってでそこから一生懸命働くと3年か4年後に,落ち着いた大人の女性が、穏やかでしっとりとした声で話している。
逢川ポッド屋奈々不思議 第61回 （逢川奈々）_275.wav,には社員に昇格できるかもしれないそんな人生選択もありますがいかがですかね ただまぁこれだけ大変ですができればギリギリまでねあの就職活動も頑張っていただければと思います,落ち着いた大人の女性が、穏やかでしっとりとした声で話している。
逢川ポッド屋奈々不思議 第61回 （逢川奈々）_276.wav,私は本当就職活動から逃げまくってこんな人生になっちまったのでねくれぐれも真似しないでください良い子は真似しないでください人生ですよ本当にね私は楽しく,落ち着いた大人の女性が、穏やかでしっとりとした声で話している。
逢川ポッド屋奈々不思議 第61回 （逢川奈々）_277.wav,っていいんですけど本当に就職活動を充実させたいんだったらギリギリまで頑張ってもう俺これだけやったからって言ってそういう方法を選ぶのもありか,落ち着いた大人の女性が、穏やかでしっとりとした声で話している。
逢川ポッド屋奈々不思議 第61回 （逢川奈々）_278.wav,やっぱり採用される人って、本当にすごくそこに入りたいっていうアピールが上手な人とかね、意外とそういう人がパッと,落ち着いた大人の女性が、穏やかでしっとりとした声で話している。
逢川ポッド屋奈々不思議 第61回 （逢川奈々）_279.wav,採用されたりもするかもしれませんのでただ派遣から社員に昇格っていうのは男性だったら逆にすごくやりやすい選択だと思いますよなんでそういう方法もあるんだな,落ち着いた大人の女性が、穏やかでしっとりとした声で話している。
逢川ポッド屋奈々不思議 第61回 （逢川奈々）_280.wav,ということを頭に入れていただければと思いますがいかがですかどうだろうあとは派遣社員でやっていくんだったらエクセルワードパワーポイント特にエクセルはできておいた方が何かと,落ち着いた大人の女性が、穏やかでしっとりとした声で話している。
逢川ポッド屋奈々不思議 第61回 （逢川奈々）_281.wav,今後の人生困りません。私も今でも非常に重宝しています。Excelはできると非常に重宝する。とっても困らない。とっても困らないって日本語変ですが、ぜひマスクしてください。,落ち着いた大人の女性が、穏やかでしっとりとした声で話している。
逢川ポッド屋奈々不思議 第61回 （逢川奈々）_282.wav,知ってみてくださいはい、いやー大変ですねこんな暑い中就職活動とかねみんなね、働いたりとかねできれば家でだらだらしたいけどほら今節電だから,落ち着いた大人の女性が、穏やかでしっとりとした声で話している。
逢川ポッド屋奈々不思議 第61回 （逢川奈々）_283.wav,クーラーもね、なんだかこうガンガンかけてもちょっと後ろめたいみたいな時代じゃないですか。まあそんなわけでございますがね、もうちょっとです。あと半月、まあそうだな、9月1ヶ月、半月か1ヶ月。,落ち着いた大人の女性が、穏やかでしっとりとした声で話している。
逢川ポッド屋奈々不思議 第61回 （逢川奈々）_284.wav,ぐらいうまく水風呂とかね冷たい布団とかね あのそういうなんかゼリーの変ななんかも何布団とか敷布団とかで頑張るとあのねポチャポチャしながら頑張る,落ち着いた大人の女性が、穏やかでしっとりとした声で話している。
逢川ポッド屋奈々不思議 第61回 （逢川奈々）_285.wav,急にパタッと涼しくなる時期が来ると思いますのでねそれまでの頑張りだと思います最後に夏コミ情報をざざっと紹介させていただきますまずは,落ち着いた大人の女性が、穏やかでしっとりとした声で話している。
逢川ポッド屋奈々不思議 第61回 （逢川奈々）_286.wav,企業ブースエウシュリーさんですよ天下のエウシュリーさんですやったカミドリアルケミマイスター夏コミオアペンドリスクですねハンナさんの冒険旅行,落ち着いた大人の女性が、穏やかでしっとりとした声で話している。
逢川ポッド屋奈々不思議 第61回 （逢川奈々）_287.wav,ハンナさんがなんとユニットで使えるという超ありがたい嬉しいディスクですよ私も欲しいみたいなそんなディスクでございますはい次です,落ち着いた大人の女性が、穏やかでしっとりとした声で話している。
逢川ポッド屋奈々不思議 第61回 （逢川奈々）_288.wav,これはエイジャーさんというところからなんとビッグバンビート2007年に発売されました格闘技ゲームビッグバンビートの2ビッグバンビートリボルブというね,落ち着いた大人の女性が、穏やかでしっとりとした声で話している。
逢川ポッド屋奈々不思議 第61回 （逢川奈々）_289.wav,新作が出ました私中西急道とそれから宮里エリカスケバン新キャラですよスケバンをやらせていただきましたのでこちらもぜひ遊んでください,落ち着いた大人の女性が、穏やかでしっとりとした声で話している。
逢川ポッド屋奈々不思議 第61回 （逢川奈々）_290.wav,くださいよろしくお願いします そしてもう一つですねはいあの初恋屋さんですねいろいろ仕掛けておりますこの時期にはいドラマ cd ですね,落ち着いた大人の女性が、穏やかでしっとりとした声で話している。
逢川ポッド屋奈々不思議 第61回 （逢川奈々）_291.wav,はいあのイグー2というねドラマCDにも出演させていただきました副題やたら長いみたいなそんなやつでございますがこちらもぜひチェックしてみてください,落ち着いた大人の女性が、穏やかでしっとりとした声で話している。
逢川ポッド屋奈々不思議 第61回 （逢川奈々）_293.wav,まことみなというキャラクターで出演させていただいておりますのでこちらもぜひチェックしてみてくださいいずれもブログで全部告知しておりますので,落ち着いた大人の女性が、穏やかでしっとりとした声で話している。
逢川ポッド屋奈々不思議 第61回 （逢川奈々）_296.wav,というわけでアイカポットや七不思議は第62回から3週間を,落ち着いた大人の女性が、穏やかでしっとりとした声で話している。
逢川ポッド屋奈々不思議 第61回 （逢川奈々）_300.wav,というわけで残暑厳しい今日この頃ですが元気にお過ごしください相川奈々でした,落ち着いた大人の女性が、穏やかでしっとりとした声で話している。
逢川ポッド屋奈々不思議 第62回 （逢川奈々）_001.wav,相川のポットや七不思議,落ち着いた大人の女性が、穏やかでしっとりとした声で話している。
逢川ポッド屋奈々不思議 第62回 （逢川奈々）_015.wav,校長と言いながらお祈りしてるうちに結局渋谷に着いたの2時過ぎですよ,落ち着いた大人の女性が、穏やかでしっとりとした声で話している。
逢川ポッド屋奈々不思議 第62回 （逢川奈々）_021.wav,はい七不思議なんでも盛り上げちゃおうコーナーというわけでこのコーナーは皆さんからのお便りを紹介するコーナーでございますね,落ち着いた大人の女性が、穏やかでしっとりとした声で話している。
逢川ポッド屋奈々不思議 第62回 （逢川奈々）_022.wav,はいあのアイカートポッドや七不思議すでに62回という素晴らしい回数を重ねておりましてね本当にありがたい話なんですがまあこの62回という,落ち着いた大人の女性が、穏やかでしっとりとした声で話している。
逢川ポッド屋奈々不思議 第62回 （逢川奈々）_023.wav,回数でもまだね初めてお便りという方がいらして本当に嬉しいありがとうございますというわけでまずはその方たちから紹介していきましょうまずはコットンさんからの,落ち着いた大人の女性が、穏やかでしっとりとした声で話している。
逢川ポッド屋奈々不思議 第62回 （逢川奈々）_024.wav,お便りどうもありがとうございます相川さんはじめましてコットンと申しますはいありがとうございますさて毎日が猛暑日で嫌な汗をかく日々ですねかと思いきや雨で一気に,落ち着いた大人の女性が、穏やかでしっとりとした声で話している。
逢川ポッド屋奈々不思議 第62回 （逢川奈々）_025.wav,気温が下がったり、体調管理に気を使う日々です。,落ち着いた大人の女性が、穏やかでしっとりとした声で話している。
逢川ポッド屋奈々不思議 第62回 （逢川奈々）_026.wav,さて私ごとで恐縮なのですが先日人生初となるコミケに行ってまいりました。話には聞いていましたがとてつもない熱気ですね。圧倒されてしまいました。,落ち着いた大人の女性が、穏やかでしっとりとした声で話している。
逢川ポッド屋奈々不思議 第62回 （逢川奈々）_027.wav,11時過ぎくらいに会場に入ったのですが耐えることのない人の波に揉まれ四重全身から汗が吹き出ていました,落ち着いた大人の女性が、穏やかでしっとりとした声で話している。
逢川ポッド屋奈々不思議 第62回 （逢川奈々）_028.wav,軍資金をあまり用意できなかったので、あれもこれも買えませんでしたが、それ以上に色々な方に直接ご挨拶できたのが何よりも嬉しかったです。とても熱い一夏の思い出ができました。,落ち着いた大人の女性が、穏やかでしっとりとした声で話している。
逢川ポッド屋奈々不思議 第62回 （逢川奈々）_029.wav,長文失礼いたしました。ではではというね。これだけ長文でいろいろ語れるということは相当楽しかったのではないかと思いますが、まあでもなつこみは、もう何度もやっぱり、,落ち着いた大人の女性が、穏やかでしっとりとした声で話している。
逢川ポッド屋奈々不思議 第62回 （逢川奈々）_030.wav,やっぱり仕事柄、メーカーさんのブースとか行ってご挨拶させていただいたりとか、サークルに行ってね、,落ち着いた大人の女性が、穏やかでしっとりとした声で話している。
逢川ポッド屋奈々不思議 第62回 （逢川奈々）_031.wav,お久しぶりですなんてお話したりとかあるいは売り子でねお手伝いさせていただいたりとかだいたいそういうことで最近は行くことが何かと多いんですけれどもいついつ,落ち着いた大人の女性が、穏やかでしっとりとした声で話している。
逢川ポッド屋奈々不思議 第62回 （逢川奈々）_032.wav,いっぱいいるし、ああいうところ歩いてると何気にそういう仕事関係の人に出会ったりするんです。だけど、なぜかそういう仕事絡みじゃないと。,落ち着いた大人の女性が、穏やかでしっとりとした声で話している。
逢川ポッド屋奈々不思議 第62回 （逢川奈々）_033.wav,心ではそういうことをしてる人に合わないんですよ私 プライベートではね本当にいないんですよそういうの大好きな人が,落ち着いた大人の女性が、穏やかでしっとりとした声で話している。
逢川ポッド屋奈々不思議 第62回 （逢川奈々）_034.wav,本当に、だからやっぱりこの仕事をしてると、これって何かと合うんですけれども、以前ね、アルバイトですとか派遣ですとかで働いてた時も、,落ち着いた大人の女性が、穏やかでしっとりとした声で話している。
逢川ポッド屋奈々不思議 第62回 （逢川奈々）_035.wav,すっごい太ったっていませんでしたねだけどやっぱこういう場所になるとなぜかやっぱりねものすごい人たちが何十万人と集まってくるわけですよ,落ち着いた大人の女性が、穏やかでしっとりとした声で話している。
逢川ポッド屋奈々不思議 第62回 （逢川奈々）_036.wav,しかし普段のプライベートで出会ってね、なんか同志がいるとか一緒にどこどこ行こうよっていうね、体験をしたことが私一回もないんですよね。,落ち着いた大人の女性が、穏やかでしっとりとした声で話している。
逢川ポッド屋奈々不思議 第62回 （逢川奈々）_037.wav,はいそんなわけで何度か足を運ぶとお友達ができるかもしれませんこういうねいわゆるオタクと言われるジャンルはね私友達をいっぱい作ってほしいと思うんですよ,落ち着いた大人の女性が、穏やかでしっとりとした声で話している。
逢川ポッド屋奈々不思議 第62回 （逢川奈々）_038.wav,普段友達いませんとか言ってる私がいるのもどうかと思うんですけどもねでもねやっぱり見てると仲間とかがねできてみんなで集まってるのを見てるともう畑目から見てとっても微笑ましいのでね,落ち着いた大人の女性が、穏やかでしっとりとした声で話している。
逢川ポッド屋奈々不思議 第62回 （逢川奈々）_039.wav,そういう仲間をぜひ作って、仲良く楽しくオタクライフを過ごしていくといいんじゃないかと思いますね。,落ち着いた大人の女性が、穏やかでしっとりとした声で話している。
逢川ポッド屋奈々不思議 第62回 （逢川奈々）_040.wav,はい、というわけで初投稿どうもありがとうございます。すごい嬉しいです。はい、次のお便りこれも初投稿ですね。いやー嬉しいです。いきましょう。奈々さんこんにちは。初めまして。ポン太,落ち着いた大人の女性が、穏やかでしっとりとした声で話している。
逢川ポッド屋奈々不思議 第62回 （逢川奈々）_041.wav,と申します私ポンタカードを持ってるよそれを置いといていつも楽しく拝聴しておりますありがとうさて夏真っ盛りの今日この頃うちの台所で久しぶりに出ましたよ,落ち着いた大人の女性が、穏やかでしっとりとした声で話している。
逢川ポッド屋奈々不思議 第62回 （逢川奈々）_042.wav,タイリッシュな黒いボディと体より長いツインテールを持つゴキでブリな奴が、横にいても何もしないうちの猫には頼れず、僕は…。,落ち着いた大人の女性が、穏やかでしっとりとした声で話している。
逢川ポッド屋奈々不思議 第62回 （逢川奈々）_043.wav,恐怖に震えながらもすぐさまゴキジェットプロをターゲットGに向かって発射噴射死闘10分台所の床をスプレーでベトベトにしながらついに,落ち着いた大人の女性が、穏やかでしっとりとした声で話している。
逢川ポッド屋奈々不思議 第62回 （逢川奈々）_044.wav,人類は勝利したのです。冷や汗と喉の渇きでぐったりと疲れた夏の夜の出来事でした。ナナさんもこれだけは苦手というものはありますか。それでは。,落ち着いた大人の女性が、穏やかでしっとりとした声で話している。
逢川ポッド屋奈々不思議 第62回 （逢川奈々）_045.wav,あーなるほどあのねでも本当にもう結構あのこの番組私結構ぶっちゃけネタいっぱい言ってるんですけど私苦手なものものすごく多いんです実は,落ち着いた大人の女性が、穏やかでしっとりとした声で話している。
逢川ポッド屋奈々不思議 第62回 （逢川奈々）_046.wav,なんかよくそんなんで生きてられるねっていうぐらい苦手なものがすごく多いんですよ実はね結構苦手なものの一つに私飲み会がありまして,落ち着いた大人の女性が、穏やかでしっとりとした声で話している。
逢川ポッド屋奈々不思議 第62回 （逢川奈々）_047.wav,そうなんです。飲み会って実は今でもすっごく苦手なんですよね。気を使うんですよ。なんかやっぱり酔った勢いで物を言って、まあそういう場所でもあるんです。,落ち着いた大人の女性が、穏やかでしっとりとした声で話している。
逢川ポッド屋奈々不思議 第62回 （逢川奈々）_048.wav,ですけれども、意外と結構そういうのって、後になって意外と残ったりするじゃないですか。あんまりふざけたりすることもできませんし、そうなんです。,落ち着いた大人の女性が、穏やかでしっとりとした声で話している。
逢川ポッド屋奈々不思議 第62回 （逢川奈々）_049.wav,だからね、かといって全然楽しめないで、こうやって一人で黙々と食べてると、あの人空気読めないねとか言われちゃうし。,落ち着いた大人の女性が、穏やかでしっとりとした声で話している。
逢川ポッド屋奈々不思議 第62回 （逢川奈々）_050.wav,なんか仕事の100倍ぐらい気を使うんですよプライベートでも一緒なんです友達によく飲みに行こうって言われて,落ち着いた大人の女性が、穏やかでしっとりとした声で話している。
逢川ポッド屋奈々不思議 第62回 （逢川奈々）_051.wav,るんですよねすごい嬉しいんですけど そうそうしょっちゅうはねどんなに好きでもねー,落ち着いた大人の女性が、穏やかでしっとりとした声で話している。
逢川ポッド屋奈々不思議 第62回 （逢川奈々）_052.wav,なんか気が乗らないんですよねだからせいぜいだから決まった人と飲みに行くって言ったらもう半年に1回ですよ私の場合,落ち着いた大人の女性が、穏やかでしっとりとした声で話している。
逢川ポッド屋奈々不思議 第62回 （逢川奈々）_053.wav,そういう感じで、なんか気を使わなくていいよって言うんですけど、私本当に気を使わないと独絶ばっかなんですよ。そうなんです。だから、やっぱり、,落ち着いた大人の女性が、穏やかでしっとりとした声で話している。
逢川ポッド屋奈々不思議 第62回 （逢川奈々）_054.wav,やっぱりね、そういうの喜ぶ人も嬉しいんですけど、やっぱり嫌な人は嫌じゃないですか。そういうことを考えると、一応やっぱり当たり障りのないラインで喋る。,落ち着いた大人の女性が、穏やかでしっとりとした声で話している。
逢川ポッド屋奈々不思議 第62回 （逢川奈々）_055.wav,っていうのはねすっごくねエネルギーを消耗するんです特にまあね仕事っていうのは何でもそうですけど当たり障りのないラインで物を喋るんですけれどもでもお仕事だからできるんですよ,落ち着いた大人の女性が、穏やかでしっとりとした声で話している。
逢川ポッド屋奈々不思議 第62回 （逢川奈々）_056.wav,でもプライベートまでねそこはね保てないんですよね,落ち着いた大人の女性が、穏やかでしっとりとした声で話している。
逢川ポッド屋奈々不思議 第62回 （逢川奈々）_057.wav,そういうので人間関係とか壊れたりしたら嫌じゃないですかそういうことを考えて深読み体質なんですかねそんなわけでございますよでもスタイリッシュな,落ち着いた大人の女性が、穏やかでしっとりとした声で話している。
逢川ポッド屋奈々不思議 第62回 （逢川奈々）_058.wav,黒いボディと体より長いツインテールって言うとなんかかわいいじゃないですかかわいく見えて名前がいけないんですねあれあの5期でブリって言うからいけない日本語でもう見るからねなんか,落ち着いた大人の女性が、穏やかでしっとりとした声で話している。
逢川ポッド屋奈々不思議 第62回 （逢川奈々）_059.wav,汚げで怖いみたいな。ただ北海道の人はゴキちゃん見たことないので、そんなに怖くない。コオロギの仲間ぐらいの感じだって聞いたことあるんですけど、やっぱね、首都圏とか。,落ち着いた大人の女性が、穏やかでしっとりとした声で話している。
逢川ポッド屋奈々不思議 第62回 （逢川奈々）_060.wav,東北からもっと南の人たちはやっぱり恐ろしいわけですよなんか人類勝ったとか書かれていますけれどもうそこら辺でもうちょっとなんかお呼び越しみたいなねそんなわけで,落ち着いた大人の女性が、穏やかでしっとりとした声で話している。
逢川ポッド屋奈々不思議 第62回 （逢川奈々）_062.wav,でもなんか例えばコックローチとか言うとなんかちょっと強そうでおしゃれな虫に聞こえませんねはいそんなわけであのゴキちゃんはねみんなね好きな人はいない,落ち着いた大人の女性が、穏やかでしっとりとした声で話している。
逢川ポッド屋奈々不思議 第62回 （逢川奈々）_063.wav,と思いますねなるべくあのまあ一応ねあのねあの息も生物の大先輩なわけですよ人間よりもよっぽど昔から生きているということで大先輩なんで大先輩に,落ち着いた大人の女性が、穏やかでしっとりとした声で話している。
逢川ポッド屋奈々不思議 第62回 （逢川奈々）_064.wav,敬意を払いつつできればなるべく敬意は払いますんで関わらないでいただきたいみたいなねそんな感じでございますねはいというわけでポンタさん本当にどうもありがとう,落ち着いた大人の女性が、穏やかでしっとりとした声で話している。
逢川ポッド屋奈々不思議 第62回 （逢川奈々）_065.wav,さて次ですコージーアットワークさんからのお便りですはいありがとうございますお邪魔しますコージーアットワークですはいありがとう南アフリカ,落ち着いた大人の女性が、穏やかでしっとりとした声で話している。
逢川ポッド屋奈々不思議 第62回 （逢川奈々）_066.wav,私は貸しバイクちなみにバイクはアフリカンスで妹といえば通じますであちこち回りました,落ち着いた大人の女性が、穏やかでしっとりとした声で話している。
逢川ポッド屋奈々不思議 第62回 （逢川奈々）_067.wav,妹?あやこ?まあいいやその時の私はどこの国の人にも見えるけれど金持ちの日本人には絶対見えない感じだったので,落ち着いた大人の女性が、穏やかでしっとりとした声で話している。
逢川ポッド屋奈々不思議 第62回 （逢川奈々）_068.wav,治安の悪さもさほど気にならず、ソフェット周辺もうろついていました。おー、ナナさんはナマクアランドに行かれましたか?私にとってウキにだけ砂漠が一面の花畑になるナマクアランド。,落ち着いた大人の女性が、穏やかでしっとりとした声で話している。
逢川ポッド屋奈々不思議 第62回 （逢川奈々）_069.wav,コアランドは夢のようでした。いまだに砂漠に咲く花の美しさを忘れられません。あんなに不思議で感動的できれいな光景はあまり目にしたことがなく、,落ち着いた大人の女性が、穏やかでしっとりとした声で話している。
逢川ポッド屋奈々不思議 第62回 （逢川奈々）_070.wav,柄物のような思い出ですではというねお便りですあさすがですねやっぱり あのね自分でまああのちゃんとコースを探してあの回っ,落ち着いた大人の女性が、穏やかでしっとりとした声で話している。
逢川ポッド屋奈々不思議 第62回 （逢川奈々）_071.wav,ているので私みたいにツアーで行くよりもっと深いところの音南アフリカを見ることが できると思うんですよねやっぱりまあ行ったことのない国であるということとやっぱりねあの,落ち着いた大人の女性が、穏やかでしっとりとした声で話している。
逢川ポッド屋奈々不思議 第62回 （逢川奈々）_072.wav,女性でございますので一応ねこんな性格ではございますがなんでそもそもやっぱり一人で行くにはちょっと怖い実際ヨハネスブルグでは一回ねクローゼット開けられました,落ち着いた大人の女性が、穏やかでしっとりとした声で話している。
逢川ポッド屋奈々不思議 第62回 （逢川奈々）_073.wav,んでねなんでまぁどんな国だろうという ねちょっと心配もありまあワクワク感もありでツアーを選ばせていただいたんです がやっぱりお一人だをこういう時ねやっぱ男の人,落ち着いた大人の女性が、穏やかでしっとりとした声で話している。
逢川ポッド屋奈々不思議 第62回 （逢川奈々）_074.wav,っていいなぁと思うんですよ私が男の人だったらもうねインドとかタイとか一人で行き たいんですよねあのエジプトとかそういう場所に一人で時々まあニュースでねあのうっ,落ち着いた大人の女性が、穏やかでしっとりとした声で話している。
逢川ポッド屋奈々不思議 第62回 （逢川奈々）_075.wav,しっかりなんか捕まっちゃってね、なんでそんなところに一人で行ってんだよって言いたくなるような人いますけど、あれ男の人だからできるんですよね。それはね、本当に、,落ち着いた大人の女性が、穏やかでしっとりとした声で話している。
逢川ポッド屋奈々不思議 第62回 （逢川奈々）_076.wav,本当に羨ましい。私も今回読ませていただいて、ナマクアランドという場所があったんだって感じですもんね。本当にだから今回のツアーは、ビクトリアの滝とサファリ…,落ち着いた大人の女性が、穏やかでしっとりとした声で話している。
逢川ポッド屋奈々不思議 第62回 （逢川奈々）_077.wav,動物を見る滝を見る大自然に触れてごらんみたいなそんなところでそして南アフリカではアパルトヘイトなんていう深い思い歴史もあるんだよちょっと勉強し,落ち着いた大人の女性が、穏やかでしっとりとした声で話している。
逢川ポッド屋奈々不思議 第62回 （逢川奈々）_078.wav,てみようよみたいなそんなツアーでございましたのでね こういうってところはね知りませんみたいなで普段私あんまりガイド本見ないんです地球の歩き方とか,落ち着いた大人の女性が、穏やかでしっとりとした声で話している。
逢川ポッド屋奈々不思議 第62回 （逢川奈々）_079.wav,見ないんですよ。中にはやっぱりガイドブックをちゃんと買って、写真を全部カラーコピーとかで撮って、自分でガイドブックを作って、自分が回る予定のとこ全部貼って、,落ち着いた大人の女性が、穏やかでしっとりとした声で話している。
逢川ポッド屋奈々不思議 第62回 （逢川奈々）_080.wav,ここなのよねって言いながら見てるお客さんもいるんですけど私そういうの全然ない当日の昼にいきなり準備してなんか駆け込んでいくみたいなそんないつもの行き当たりばったりでございますのでね,落ち着いた大人の女性が、穏やかでしっとりとした声で話している。
逢川ポッド屋奈々不思議 第62回 （逢川奈々）_081.wav,こんななんか怖な場所は知りませんでしたがやっぱりいい国ですよね私もう一回行きたいんですよ今回このお便りにも浮きって書いてあるんですが歓喜の時期にも行ってみたいと思ってるんです,落ち着いた大人の女性が、穏やかでしっとりとした声で話している。
逢川ポッド屋奈々不思議 第62回 （逢川奈々）_082.wav,今まで回った国は一通りもう一回行こうと思ってるんですよそうやって考えてみるとやはり健康な金持ちにならないとね,落ち着いた大人の女性が、穏やかでしっとりとした声で話している。
逢川ポッド屋奈々不思議 第62回 （逢川奈々）_083.wav,いけませんのでねそうやって考えると仕事にもちょっと張り合いが出ますねそんなところでございますはいどうもありがとうございます,落ち着いた大人の女性が、穏やかでしっとりとした声で話している。
逢川ポッド屋奈々不思議 第62回 （逢川奈々）_084.wav,さて、次のお便りです。図志王さんからのお便りです。ありがとうございます。図志王さんからのお便り。名前噛んじゃって申し訳ない。はい、相川さんこんばんは。はい、こんばんは。,落ち着いた大人の女性が、穏やかでしっとりとした声で話している。
逢川ポッド屋奈々不思議 第62回 （逢川奈々）_085.wav,8月15日現在、連日の暑さで身も心もグダグダでございます。暑いですよね。はい、そんな中僕はチューブアイスにはまっています。凍らせて真ん中から2つ…,落ち着いた大人の女性が、穏やかでしっとりとした声で話している。
逢川ポッド屋奈々不思議 第62回 （逢川奈々）_086.wav,7月におるやつです。7月に入ったあたりから台風で涼しい日もありましたが、あったね。毎日5本くらいは食べています。すごいね。はい、えっと、くわえて冷たいものばかり飲んでいるのでお腹は…,落ち着いた大人の女性が、穏やかでしっとりとした声で話している。
逢川ポッド屋奈々不思議 第62回 （逢川奈々）_087.wav,コアスは肌は荒れるは体重は減るは自転車パンクスロアで大変なことになっています これではいけないと思い1日3本に減らすことにしましたそして今日風呂上がりに5本目を,落ち着いた大人の女性が、穏やかでしっとりとした声で話している。
逢川ポッド屋奈々不思議 第62回 （逢川奈々）_088.wav,美味しくいただきましたこれでめげてはいけませんまだ夏が終わるまでには時間はありますこれから少しずつ頑張って来年の夏までには1日2本まで減らした来年の夏かい,落ち着いた大人の女性が、穏やかでしっとりとした声で話している。
逢川ポッド屋奈々不思議 第62回 （逢川奈々）_089.wav,1日2本まで減らしたいと思います。相川さんは冷たいものの取りすぎで体調崩したりしていませんでしょうか。一人でドーナツを9個食べた伝説を持つ相川さんなら大丈夫でしょう。,落ち着いた大人の女性が、穏やかでしっとりとした声で話している。
逢川ポッド屋奈々不思議 第62回 （逢川奈々）_090.wav,それでは失礼致しやすというねお便りでございますありがとうそうね今私もう9個食えってドーナツ9個食えって言われたらねこのまま,落ち着いた大人の女性が、穏やかでしっとりとした声で話している。
逢川ポッド屋奈々不思議 第62回 （逢川奈々）_091.wav,普通にドーナツ9個はさすがに食えないわみたいな無理ですみたいなねそんな時期でございますアイスはね私大好きだったんですよ特にピーノピーノのあの,落ち着いた大人の女性が、穏やかでしっとりとした声で話している。
逢川ポッド屋奈々不思議 第62回 （逢川奈々）_092.wav,コーヒー味が好きだったんです。ピノのコーヒー味ってファミリーパックにしか入ってないんですよ。ピノのコーヒー味が商品として普段売られてたらしょっちゅう食べてるぐらい。,落ち着いた大人の女性が、穏やかでしっとりとした声で話している。
逢川ポッド屋奈々不思議 第62回 （逢川奈々）_093.wav,ピノのコーヒー味って大好きなんですよね。,落ち着いた大人の女性が、穏やかでしっとりとした声で話している。
逢川ポッド屋奈々不思議 第62回 （逢川奈々）_094.wav,であの頃はしょっちゅうアイスを食べたのであとはブルーシールのアイスクリームまあ沖縄がね一番最初なのかなまあそういうのあるんですけど,落ち着いた大人の女性が、穏やかでしっとりとした声で話している。
逢川ポッド屋奈々不思議 第62回 （逢川奈々）_095.wav,そういうところのアイスクリーム好きだったんですがある本を読んだ時に書いてあったんです,落ち着いた大人の女性が、穏やかでしっとりとした声で話している。
逢川ポッド屋奈々不思議 第62回 （逢川奈々）_096.wav,あのいわゆるまあ私もですねこんなだらだらだらだら本当に生きておりますが一応ですねあのねあの美しい女性になるための,落ち着いた大人の女性が、穏やかでしっとりとした声で話している。
逢川ポッド屋奈々不思議 第62回 （逢川奈々）_097.wav,間によるみたいな本を読んだりするわけですそこに書いてあったあのアイスは白い悪魔って書いてあって体温を非常に冷やすので体に女性に,落ち着いた大人の女性が、穏やかでしっとりとした声で話している。
逢川ポッド屋奈々不思議 第62回 （逢川奈々）_098.wav,とっては大敵ですやめましょう って書いてあって,落ち着いた大人の女性が、穏やかでしっとりとした声で話している。
逢川ポッド屋奈々不思議 第62回 （逢川奈々）_099.wav,そうなんだと思って意外とすんなりやめられたアイスは。ただし1ヶ月に1回は食べようと思ってんの。やっぱり好きだから。ただ1ヶ月に1回アイスは。,落ち着いた大人の女性が、穏やかでしっとりとした声で話している。
逢川ポッド屋奈々不思議 第62回 （逢川奈々）_100.wav,減らせましたよそれじゃ甘いものやめられたかって言ったら全然やめられませんけどアイスは減らせましたそれで今はあれですね逆に高いアイスを買うことにしてるの,落ち着いた大人の女性が、穏やかでしっとりとした声で話している。
逢川ポッド屋奈々不思議 第62回 （逢川奈々）_101.wav,ハーゲンダッツ。ハーゲンダッツってだいたい300円ぐらいなわけですよ。なんかありますね、クリスピーなんとかキャラメルみたいな、私あれ大好きだ。あれもしょっちゅう食べたいのは山々なんですが。,落ち着いた大人の女性が、穏やかでしっとりとした声で話している。
逢川ポッド屋奈々不思議 第62回 （逢川奈々）_102.wav,白い悪魔だと思ってでも月に1回ぐらいはいいよねみたいなその後に熱い茶でも飲めば大丈夫とか言ってで月に1回とかどうにももう耐えられんこの熱さって時,落ち着いた大人の女性が、穏やかでしっとりとした声で話している。
逢川ポッド屋奈々不思議 第62回 （逢川奈々）_103.wav,どうにも疲れたとかそんな時、でもあれそうやって考えると月に1回じゃなくてもっと食べてないかって気もしますよね。はい、そんなところでございますよ。アイスは今の時期めちゃめちゃうまいですよね。,落ち着いた大人の女性が、穏やかでしっとりとした声で話している。
逢川ポッド屋奈々不思議 第62回 （逢川奈々）_104.wav,肩が荒れるまで食っちゃいけませんそんなところでございますどうもありがとうはい次のお便りですすごいね今回ねはい石木やすさんからのお便りですありがとうございますななさんこんにちは石,落ち着いた大人の女性が、穏やかでしっとりとした声で話している。
逢川ポッド屋奈々不思議 第62回 （逢川奈々）_105.wav,キヤシです。はい、ありがとう。久々にサイトを開いたら更新されていて慌ててメールを書いております。最近新作のゲームを漁っていたら色々とラナさんの名前を見かけます。僕としては嬉しい限りです。,落ち着いた大人の女性が、穏やかでしっとりとした声で話している。
逢川ポッド屋奈々不思議 第62回 （逢川奈々）_106.wav,ありがたいお話でございますよもうなんか祈っちゃうねこの夏に国内ですが福岡、東京、そして地元京都を旅行する予定ですただ旅行というか,落ち着いた大人の女性が、穏やかでしっとりとした声で話している。
逢川ポッド屋奈々不思議 第62回 （逢川奈々）_107.wav,東京目的なので偉いなああまり旅行という気分ではありませんそれでも旅行は楽しみなもんですもしよろしければ地元民ですが実はあまり回ったことがないのでぜひおすすめな食べ物,落ち着いた大人の女性が、穏やかでしっとりとした声で話している。
逢川ポッド屋奈々不思議 第62回 （逢川奈々）_108.wav,場所があれば教えてくださいというお便りですね私この3つの中で行ったことないのは福岡なので福岡についてはあんまりよくわからず申し訳ないのですが,落ち着いた大人の女性が、穏やかでしっとりとした声で話している。
逢川ポッド屋奈々不思議 第62回 （逢川奈々）_109.wav,まず京都はやっぱり私が一番好きな場所大原ですね大原が一番好きです一番最初は修学旅行で,落ち着いた大人の女性が、穏やかでしっとりとした声で話している。
逢川ポッド屋奈々不思議 第62回 （逢川奈々）_110.wav,こんな静かでおしゃれな場所があるんだと思ってほどほど田舎なわけですよ田んぼあって畑あって山あって,落ち着いた大人の女性が、穏やかでしっとりとした声で話している。
逢川ポッド屋奈々不思議 第62回 （逢川奈々）_111.wav,すごい素敵だと思います。で、その中にいわゆる千枚漬けとか売ってるようなお土産屋がちょこちょこあって、風流なお寺がいっぱいあって。,落ち着いた大人の女性が、穏やかでしっとりとした声で話している。
逢川ポッド屋奈々不思議 第62回 （逢川奈々）_112.wav,あんな素敵な場所ないと思いますね私はやっぱり京都って言ったら大原は必ず行きたいと思ってますはいそんなところで京都だったら大原に行くのが一番よろしいんではなく,落ち着いた大人の女性が、穏やかでしっとりとした声で話している。
逢川ポッド屋奈々不思議 第62回 （逢川奈々）_113.wav,分かろうかと思います。なんて、私もそんなには言ってませんが、あれは本当に素敵な場所だと思いますね。,落ち着いた大人の女性が、穏やかでしっとりとした声で話している。
逢川ポッド屋奈々不思議 第62回 （逢川奈々）_114.wav,そして東京なんですが,落ち着いた大人の女性が、穏やかでしっとりとした声で話している。
逢川ポッド屋奈々不思議 第62回 （逢川奈々）_115.wav,あの回ったことない人には必ず言うんですけどあのやっぱりねハトバスがいいと思うハトバスは1回利用してみるといいんですよっていうのはあのハトバスツアーを,落ち着いた大人の女性が、穏やかでしっとりとした声で話している。
逢川ポッド屋奈々不思議 第62回 （逢川奈々）_116.wav,調べるとまあいわゆる東京のねあの名所 スポットだけを綺麗に回る場所があってでまぁ沖縄以前ねまぁやっぱり母の実家が 沖縄なのでまあいとこが来たりするわけ,落ち着いた大人の女性が、穏やかでしっとりとした声で話している。
逢川ポッド屋奈々不思議 第62回 （逢川奈々）_117.wav,ですよ でちょっとまあ観光とかを連れてってあげてって時は必ず鳩バスに連れて行ったそうすると結構おいしいところでおいしい弁当も出るし でまぁあのこういうところがまあ東京,落ち着いた大人の女性が、穏やかでしっとりとした声で話している。
逢川ポッド屋奈々不思議 第62回 （逢川奈々）_118.wav,東京の名所なんだっていうところを大体抑えてくれる皇居とか東京タワーとかそういう場所ですね今だったら多分お台場とかにも連れてってくれたりとかすると思うんですよね,落ち着いた大人の女性が、穏やかでしっとりとした声で話している。
逢川ポッド屋奈々不思議 第62回 （逢川奈々）_119.wav,コース入ってんじゃないかな私が行ったのは皇居があって東京タワーがあって戦争時があってみたいなそんなツアーだったので国会議事堂も回ったし,落ち着いた大人の女性が、穏やかでしっとりとした声で話している。
逢川ポッド屋奈々不思議 第62回 （逢川奈々）_120.wav,なんかそういうところであーだいたい東京ってこんなだよなーっていうのを抑えてるツアーなのでぜひハトバスを利用してみてくださいやっぱりガイドさんもねベテランでしっかりしてる方たち多いですし,落ち着いた大人の女性が、穏やかでしっとりとした声で話している。
逢川ポッド屋奈々不思議 第62回 （逢川奈々）_121.wav,なんでいつも言う東京で初めてとか普段回らないんだけどどこがいいって言われたらあれを鳩バスに乗るといいよってそうじゃないとなんか東京って名乗ってる,落ち着いた大人の女性が、穏やかでしっとりとした声で話している。
逢川ポッド屋奈々不思議 第62回 （逢川奈々）_122.wav,なんかね千葉ディズニーランドに行ってなんかこれが東京だとかいう謎の納得をして帰る羽目になると思うのではいカートバスを利用してみてはいかがでしょうかそんなとこ,落ち着いた大人の女性が、穏やかでしっとりとした声で話している。
逢川ポッド屋奈々不思議 第62回 （逢川奈々）_123.wav,ところでございますねおすすめの食べ物東京の食べ物だったら東京駅回るといいですよお土産屋がすっごい増えましたなんかだって前はね東京の土産,落ち着いた大人の女性が、穏やかでしっとりとした声で話している。
逢川ポッド屋奈々不思議 第62回 （逢川奈々）_124.wav,って何みたいな東京バナナこれかーって感じだったんですけど最近は結構美味しそうな東京土産増えましたよでも東京土産って言ったら私はやっぱり浅草の人形焼きじゃない,落ち着いた大人の女性が、穏やかでしっとりとした声で話している。
逢川ポッド屋奈々不思議 第62回 （逢川奈々）_125.wav,知らねーって思うんですけどね雷起こし とかそこらへんではないかと思います浅草大好きなんです私そんなところです ぜひ天楽しんでかつ一生懸命お勉強してください応援します素晴らしいです,落ち着いた大人の女性が、穏やかでしっとりとした声で話している。
逢川ポッド屋奈々不思議 第62回 （逢川奈々）_126.wav,はいありがとう次のお便り今回はすごいね会社カラカラさんからのお便りありがとうございますあいかわななさんこんにちは9月頭残暑が気になる季節ですね,落ち着いた大人の女性が、穏やかでしっとりとした声で話している。
逢川ポッド屋奈々不思議 第62回 （逢川奈々）_127.wav,気が付くと青春18キップシーズンも終わり、,落ち着いた大人の女性が、穏やかでしっとりとした声で話している。
逢川ポッド屋奈々不思議 第62回 （逢川奈々）_128.wav,今年はあんまり活用しませんでした。1回だけ電車乗ってるだけ旅はしました。移動するだけです。しかも前日寝不足だったのでほとんど寝てただけ。私そんな旅あるよ私も。なので奥に自慢でき…,落ち着いた大人の女性が、穏やかでしっとりとした声で話している。
逢川ポッド屋奈々不思議 第62回 （逢川奈々）_129.wav,7さんは夏どこか行かれましたか何か良い思い出がありましたらお聞かせくださいませそれではというお便りありがとうございますあれでも夏の青春18切符って8月,落ち着いた大人の女性が、穏やかでしっとりとした声で話している。
逢川ポッド屋奈々不思議 第62回 （逢川奈々）_130.wav,9日が10日までって勝手に思ってたんだけど違ったっけ まだ残ってるような気がしたけどおしまいかな,落ち着いた大人の女性が、穏やかでしっとりとした声で話している。
逢川ポッド屋奈々不思議 第62回 （逢川奈々）_131.wav,あれ私なんかいつもそういうのちゃんと調べないんですけど確かなんか9月の10日ぐらいまで残ってたんでなんかその頃にひょっこり買って,落ち着いた大人の女性が、穏やかでしっとりとした声で話している。
逢川ポッド屋奈々不思議 第62回 （逢川奈々）_132.wav,あの子また京都とか神戸とか遊びに行こうかなと思ってたんですけどそういう問題ではなかったのかしらはいそんなところでございます今年の夏は本当笑っちゃうぐらいどこも行かなかったまあ特にね私,落ち着いた大人の女性が、穏やかでしっとりとした声で話している。
逢川ポッド屋奈々不思議 第62回 （逢川奈々）_133.wav,私今年は南アフリカに行っちまったのでねそんなわけで国内に関しては完全にノーマークですが前回も言ったように一度京都に行ったら,落ち着いた大人の女性が、穏やかでしっとりとした声で話している。
逢川ポッド屋奈々不思議 第62回 （逢川奈々）_134.wav,てみようかなーって思ってるんでわざわざ時間を取ったんですある時期になんですが 結局なんかそれもなんか家でゴロゴロして終わってしまいそうな気もするんですが,落ち着いた大人の女性が、穏やかでしっとりとした声で話している。
逢川ポッド屋奈々不思議 第62回 （逢川奈々）_135.wav,まあそれはそれでね何でも私行き当たりばったりなのでまだまだ予定は立てておりませんそんなところです本当にありがとうさて最後ですアーフィーさんからの,落ち着いた大人の女性が、穏やかでしっとりとした声で話している。
逢川ポッド屋奈々不思議 第62回 （逢川奈々）_136.wav,たよりですねいやー戻ってきたねありがとう 相川さんおはこんばんはアーフィーですはい第61回放送を聞きました恐れ入ります3ヶ月ぶりに7さんのラジオが聞けて,落ち着いた大人の女性が、穏やかでしっとりとした声で話している。
逢川ポッド屋奈々不思議 第62回 （逢川奈々）_137.wav,この番組の楽しさを再認識しました。末永く番組が続くようこれからも応援していきますね。さて、だいぶ時間が経ちましたが、夏コミの話でも。,落ち着いた大人の女性が、穏やかでしっとりとした声で話している。
逢川ポッド屋奈々不思議 第62回 （逢川奈々）_138.wav,今回の夏コミも自分のサークルで参加することができました。そしてなんと自分のブースのちょっと先に初恋屋さんのサークルがあるじゃありませんか。そして売り子さんには佐藤由紀さんと,落ち着いた大人の女性が、穏やかでしっとりとした声で話している。
逢川ポッド屋奈々不思議 第62回 （逢川奈々）_139.wav,カノミルクさんがおー暇な時間帯は自分のブースに座りながらお二人の売り子姿をのんびりと眺めていたりそのせいかいつもより時間の流れが早く感じました笑いあ、もう,落ち着いた大人の女性が、穏やかでしっとりとした声で話している。
逢川ポッド屋奈々不思議 第62回 （逢川奈々）_140.wav,もちろん、イグー2買わせていただきましたよ。相川さんの家庭教師がとてもエロエロでとても良かったです。最後に、熱い中参加された皆様、本当にお疲れ様でした。自分のブースに足を運んでくださった方、本当にお疲れ様でした。,落ち着いた大人の女性が、穏やかでしっとりとした声で話している。
逢川ポッド屋奈々不思議 第62回 （逢川奈々）_141.wav,本当にありがとうございました。冬も参加できたらいいなと思います。,落ち着いた大人の女性が、穏やかでしっとりとした声で話している。
逢川ポッド屋奈々不思議 第62回 （逢川奈々）_142.wav,いやーなんか気がつけばもうアーフィーさんもあのなコミケモサだねね毎回毎回こうやって足を運んでで本を売りしかも結構売り上げが良く,落ち着いた大人の女性が、穏やかでしっとりとした声で話している。
逢川ポッド屋奈々不思議 第62回 （逢川奈々）_143.wav,空いてる時間にあちこち回って自分の欲しい本を買うっていう、非常に充実したサイクルで活動されてるんじゃないかと思いますね。,落ち着いた大人の女性が、穏やかでしっとりとした声で話している。
逢川ポッド屋奈々不思議 第62回 （逢川奈々）_144.wav,はいグーツあれも2が出ましてなかなか好評なんですかねあの時期は大変だったんだよ本当に収録がいっぱいありがたい話ですが,落ち着いた大人の女性が、穏やかでしっとりとした声で話している。
逢川ポッド屋奈々不思議 第62回 （逢川奈々）_145.wav,どんどんどんどん押し寄せてきてねこのこれだけはなんか流れが読めないんでねはいそんな時期ではございましたがそう言っていただけると本当に嬉しいですありがとうというわけで,落ち着いた大人の女性が、穏やかでしっとりとした声で話している。
逢川ポッド屋奈々不思議 第62回 （逢川奈々）_146.wav,超お便りいっぱい送っていただきありがとうそんなわけでですね相川ポッドやな不思議まだまだ続きますよろしく最後までお楽しみください,落ち着いた大人の女性が、穏やかでしっとりとした声で話している。
逢川ポッド屋奈々不思議 第62回 （逢川奈々）_148.wav,魂のうなりはいこのコーナーはもし,落ち着いた大人の女性が、穏やかでしっとりとした声で話している。
逢川ポッド屋奈々不思議 第62回 （逢川奈々）_149.wav,アイテムが言葉を喋ったら何というかというコンセプトをもとに皆様にセリフを考えていただくというコーナーでございますね本当にどうもありがとうというわけで今回は,落ち着いた大人の女性が、穏やかでしっとりとした声で話している。
逢川ポッド屋奈々不思議 第62回 （逢川奈々）_150.wav,紹介させていただきます今回のアイテムは ジョーロですいきます,落ち着いた大人の女性が、穏やかでしっとりとした声で話している。
逢川ポッド屋奈々不思議 第62回 （逢川奈々）_151.wav,まずはときのねあおばさんからのお便りです本当にありがとう行くよ行きますこんなとこで噛んでどうすんの行きます,落ち着いた大人の女性が、穏やかでしっとりとした声で話している。
逢川ポッド屋奈々不思議 第62回 （逢川奈々）_152.wav,こんな暑い日によく来たね,落ち着いた大人の女性が、穏やかでしっとりとした声で話している。
逢川ポッド屋奈々不思議 第62回 （逢川奈々）_153.wav,喉が渇いたって待ってるよ,落ち着いた大人の女性が、穏やかでしっとりとした声で話している。
逢川ポッド屋奈々不思議 第62回 （逢川奈々）_154.wav,はい、コメント。ジョウロといえば、小学生の夏休みの時に何回か当番で花に水をやりに行ったことを思い出しました。暑い日に20分もかけて学校に行きました。,落ち着いた大人の女性が、穏やかでしっとりとした声で話している。
逢川ポッド屋奈々不思議 第62回 （逢川奈々）_155.wav,ここまで歩いていくのは嫌だなぁ、めんどくさいなぁと内心思いましたが、鼻に水をあげているときはなんとなく気分が清々したことを覚えています。というね、お便りですね。,落ち着いた大人の女性が、穏やかでしっとりとした声で話している。
逢川ポッド屋奈々不思議 第62回 （逢川奈々）_156.wav,あの花って人間ではあんまり言語として理解できないんですがやっぱりね植物っていうのも感情があるんですってねそうなんですだから,落ち着いた大人の女性が、穏やかでしっとりとした声で話している。
逢川ポッド屋奈々不思議 第62回 （逢川奈々）_157.wav,あのやっぱりねうわぁ綺麗に咲いてるねとかよく育ったねとかそうやって声をかけるとちゃんとそれに答えてくれるらしいですよなんであの例えば自分で花を,落ち着いた大人の女性が、穏やかでしっとりとした声で話している。
逢川ポッド屋奈々不思議 第62回 （逢川奈々）_158.wav,育てるときはよく育ってるねって言って綺麗に育ったね見事だねって言いながら育ててみるといいんじゃないかと思いますねちなみに私6年前にパキラ,落ち着いた大人の女性が、穏やかでしっとりとした声で話している。
逢川ポッド屋奈々不思議 第62回 （逢川奈々）_159.wav,パキラという鉢を買ったんですが,落ち着いた大人の女性が、穏やかでしっとりとした声で話している。
逢川ポッド屋奈々不思議 第62回 （逢川奈々）_160.wav,まあこれがなんだかね貧弱なパキラで最初はなんかでかい歯がついてたんですけどそのでかい歯が落ちてしまい落ちたなと思ったまた新しい芽が出てきて,落ち着いた大人の女性が、穏やかでしっとりとした声で話している。
逢川ポッド屋奈々不思議 第62回 （逢川奈々）_161.wav,なんだか育つのかなと思ったら、ひょろひょろ育ち始めて、なんか頑張ってるなと思って水をやったら、なんか今度はまた水をやりすぎて微妙にいかれて、,落ち着いた大人の女性が、穏やかでしっとりとした声で話している。
逢川ポッド屋奈々不思議 第62回 （逢川奈々）_162.wav,しまいで今年の冬に1回全部枯れたんですよ ああなんだがないよろよろしてなんか私みたいなパキラだなぁと思ってなんか捨てるに捨てられずな,落ち着いた大人の女性が、穏やかでしっとりとした声で話している。
逢川ポッド屋奈々不思議 第62回 （逢川奈々）_163.wav,なんとなく玄関のところに枯れたままほったらかしておいたんです。そうしたら2ヶ月前にパッと見たら芽が出てんの。びっくりした。え、なんだまだ生きてんじゃんと思ってまた育てとく。,落ち着いた大人の女性が、穏やかでしっとりとした声で話している。
逢川ポッド屋奈々不思議 第62回 （逢川奈々）_164.wav,と思ってまたいつもの窓辺に置いてやってでこう水をあげたわけですねまぁなんか 嬉しかったらしく一生懸命葉っぱを出ててよく育ってんじゃ偉いじゃんと思ってたらなんか最近また,落ち着いた大人の女性が、穏やかでしっとりとした声で話している。
逢川ポッド屋奈々不思議 第62回 （逢川奈々）_165.wav,彼出して結局お前何やりたいのみたいなねやだななんか自分にそっくりでそんなアッチウェイがございますはいありがとうナナさんご無沙汰しておりますスーパーアールですはい次はスーパーアールさんからの,落ち着いた大人の女性が、穏やかでしっとりとした声で話している。
逢川ポッド屋奈々不思議 第62回 （逢川奈々）_166.wav,えっと諸事情でいつもより遅くなりましたが間に合いましたでしょうか間に合ったよよかったねワンタンワンダーランドが終わってしまいましたがはいこっちの方で頑張りたいと思います,落ち着いた大人の女性が、穏やかでしっとりとした声で話している。
逢川ポッド屋奈々不思議 第62回 （逢川奈々）_167.wav,今までも投稿してましたがはいお世話になりますじゃあ今回はこっちね上路その2はい注ぎ口から下が普通のペットボトルなんだわこれがエッ,落ち着いた大人の女性が、穏やかでしっとりとした声で話している。
逢川ポッド屋奈々不思議 第62回 （逢川奈々）_168.wav,100円ショップでペットボトルを再利用して常路にする注ぎ口みたいなのを見かけますしかし小さい常路ならそれこそ100円ショップに売ってますしペットボトルは普通にリサイクルした方がいいような,落ち着いた大人の女性が、穏やかでしっとりとした声で話している。
逢川ポッド屋奈々不思議 第62回 （逢川奈々）_169.wav,気がしないでもない空気穴がないと水が出にくいような気もしますけど実際どうなんでしょうね今回はこんなところでそれではというお便りですねはいありがとうございます,落ち着いた大人の女性が、穏やかでしっとりとした声で話している。
逢川ポッド屋奈々不思議 第62回 （逢川奈々）_170.wav,確かに私も情露を持っていますが、,落ち着いた大人の女性が、穏やかでしっとりとした声で話している。
逢川ポッド屋奈々不思議 第62回 （逢川奈々）_171.wav,100円で買いましたよね。なんで、確かに、あのー、ジョーロは別になんかリサイクルしなくてもよかじゃなくて、,落ち着いた大人の女性が、穏やかでしっとりとした声で話している。
逢川ポッド屋奈々不思議 第62回 （逢川奈々）_172.wav,かろうかーって気がしますペットボトルをだからペットボトルをエコ利用したいんだったらばまあやっぱり一番いいのは買わない,落ち着いた大人の女性が、穏やかでしっとりとした声で話している。
逢川ポッド屋奈々不思議 第62回 （逢川奈々）_173.wav,ということで、マイボトルみたいなのを持ち歩くのが一番エコなんじゃないのって気がしますが、いかがでしょうか。,落ち着いた大人の女性が、穏やかでしっとりとした声で話している。
逢川ポッド屋奈々不思議 第62回 （逢川奈々）_174.wav,そんなわけでお便りありがとうございます,落ち着いた大人の女性が、穏やかでしっとりとした声で話している。
逢川ポッド屋奈々不思議 第62回 （逢川奈々）_175.wav,魂のうなりまだ生き残っておりますが、今回は思いつきでジョウロというアイテムで募集させていただきました。,落ち着いた大人の女性が、穏やかでしっとりとした声で話している。
逢川ポッド屋奈々不思議 第62回 （逢川奈々）_176.wav,じゃあ、次ですね。,落ち着いた大人の女性が、穏やかでしっとりとした声で話している。
逢川ポッド屋奈々不思議 第62回 （逢川奈々）_177.wav,いやーもうね、あえて毎回毎回悩みますよ。悩むので、悩むので。,落ち着いた大人の女性が、穏やかでしっとりとした声で話している。
逢川ポッド屋奈々不思議 第62回 （逢川奈々）_178.wav,あ、そうだ。じゃあ全然使われ…最近見かけなくなったアイテムにしようかな。えっと、これ!,落ち着いた大人の女性が、穏やかでしっとりとした声で話している。
逢川ポッド屋奈々不思議 第62回 （逢川奈々）_179.wav,スライム、スライムって知ってます?,落ち着いた大人の女性が、穏やかでしっとりとした声で話している。
逢川ポッド屋奈々不思議 第62回 （逢川奈々）_180.wav,スライムって知らないかな?知ってます?知ってる人は送ってみるがいいさってか、超なんか投げやりなこと言ってみたりするんですが、スライムは…,落ち着いた大人の女性が、穏やかでしっとりとした声で話している。
逢川ポッド屋奈々不思議 第62回 （逢川奈々）_181.wav,わかんない人はドラクエのスライムでもいいですよこないだ電脳妄想開発室というラジオに参加させていただきましてねその時もあれですよ去年ちょうど,落ち着いた大人の女性が、穏やかでしっとりとした声で話している。
逢川ポッド屋奈々不思議 第62回 （逢川奈々）_182.wav,去年の今ぐらいに軽井沢で旅行した時に使ったお釜とその上にあのねいただいたスライムのあのプラスチックのスライムスライムベスを乗っけてそれを私の,落ち着いた大人の女性が、穏やかでしっとりとした声で話している。
逢川ポッド屋奈々不思議 第62回 （逢川奈々）_183.wav,代わりに出ていただいたんですがそういうわけでスライムで,落ち着いた大人の女性が、穏やかでしっとりとした声で話している。
逢川ポッド屋奈々不思議 第62回 （逢川奈々）_184.wav,はいどっちでもいいですどっちでもいいってスライムは1匹あれしかないじゃないかっていう人はかなりお若い方なんですねきっとはいそんなところでスライムで募集するのでぜひ,落ち着いた大人の女性が、穏やかでしっとりとした声で話している。
逢川ポッド屋奈々不思議 第62回 （逢川奈々）_185.wav,お便りを送ってください誰か送ってくるかなそんなところで心の底よりお待ちして,落ち着いた大人の女性が、穏やかでしっとりとした声で話している。
逢川ポッド屋奈々不思議 第62回 （逢川奈々）_187.wav,僕のお国島略して国島今頃略名ができ,落ち着いた大人の女性が、穏やかでしっとりとした声で話している。
逢川ポッド屋奈々不思議 第62回 （逢川奈々）_188.wav,ましたね国島でございますこの国島は皆さんから皆さんがまあお住まいの県あるいは 旅行に行ったことのある県あるいはちょっと憧れたりときめいたりしてる県を,落ち着いた大人の女性が、穏やかでしっとりとした声で話している。
逢川ポッド屋奈々不思議 第62回 （逢川奈々）_189.wav,国名に例えて紹介するというはいあのコーナーでございますがねこれも何気に続いててすごい嬉しい私このコーナー大好きなんですというわけで今回も紹介させていただきますまずは,落ち着いた大人の女性が、穏やかでしっとりとした声で話している。
逢川ポッド屋奈々不思議 第62回 （逢川奈々）_190.wav,ジャンマイケルマックマクランさんからのお便りありがとうございますナナさんこんにちははいありがとうお盆休みを利用してバイクで九州へ一人旅をしてきましたその帰りによって,落ち着いた大人の女性が、穏やかでしっとりとした声で話している。
逢川ポッド屋奈々不思議 第62回 （逢川奈々）_191.wav,たのが今回ご紹介させていただく決闘の国です 奈々さんは日本一の剣豪と聞くと誰を思い浮かべますかもちろん宮本武蔵ですよねけっ,落ち着いた大人の女性が、穏やかでしっとりとした声で話している。
逢川ポッド屋奈々不思議 第62回 （逢川奈々）_192.wav,決闘の国こと山口県の下関には、佐々木小次郎と宮本武蔵が決闘した岩竜島があります。岩竜島には下関から福岡の、,落ち着いた大人の女性が、穏やかでしっとりとした声で話している。
逢川ポッド屋奈々不思議 第62回 （逢川奈々）_193.wav,門司港を結ぶ連絡船で行くことができます,落ち着いた大人の女性が、穏やかでしっとりとした声で話している。
逢川ポッド屋奈々不思議 第62回 （逢川奈々）_194.wav,角つかさかなまあいいや時間はおよそ10分間連絡船からは関門海峡を一望できますし岩流島によってどっちがいいのか,落ち着いた大人の女性が、穏やかでしっとりとした声で話している。
逢川ポッド屋奈々不思議 第62回 （逢川奈々）_195.wav,モンジコ?カドツカサコ?に行っても逆に下関に戻っても値段はなんと400円今ならトレジャーハンティングとして,落ち着いた大人の女性が、穏やかでしっとりとした声で話している。
逢川ポッド屋奈々不思議 第62回 （逢川奈々）_196.wav,宝探しゲームも体験できますよこの岩流島には幕府の志士坂本龍馬の妻のお龍と来たことがあるとか,落ち着いた大人の女性が、穏やかでしっとりとした声で話している。
逢川ポッド屋奈々不思議 第62回 （逢川奈々）_197.wav,また近年ではアントニオ猪木とマササイトウがそうなんだ岩流島で,落ち着いた大人の女性が、穏やかでしっとりとした声で話している。
逢川ポッド屋奈々不思議 第62回 （逢川奈々）_198.wav,戦ったことでも有名です実は来年2012年は武蔵と小次郎が決闘して,落ち着いた大人の女性が、穏やかでしっとりとした声で話している。
逢川ポッド屋奈々不思議 第62回 （逢川奈々）_199.wav,そして400年だそうです。さてグルメはというと有名なのがやっぱりフーグ。こちらではフックというみたいですね。,落ち着いた大人の女性が、穏やかでしっとりとした声で話している。
逢川ポッド屋奈々不思議 第62回 （逢川奈々）_200.wav,下関港にはカラド市場やカモンワーフという商業施設もあり、新鮮な海の幸が食べられます。,落ち着いた大人の女性が、穏やかでしっとりとした声で話している。
逢川ポッド屋奈々不思議 第62回 （逢川奈々）_201.wav,中には880円の福のぶっかけ丼や980円で福のお刺身も食べられる店まで,落ち着いた大人の女性が、穏やかでしっとりとした声で話している。
逢川ポッド屋奈々不思議 第62回 （逢川奈々）_202.wav,騎士のロマンも楽しめ、美味しいものも食べられる。下関にナナさんも一度行ってみてはどうでしょうか。,落ち着いた大人の女性が、穏やかでしっとりとした声で話している。
逢川ポッド屋奈々不思議 第62回 （逢川奈々）_203.wav,というお便りあーそうなんだなここら辺は全然盲点だな未知の国だななんか,落ち着いた大人の女性が、穏やかでしっとりとした声で話している。
逢川ポッド屋奈々不思議 第62回 （逢川奈々）_205.wav,人に遊びに来てって言われたんだよねなんか行ってみようかな私のこと覚えてますかとかズルズルしく一応メールアドレスも残ってるのでなんか私これ見てちょっと,落ち着いた大人の女性が、穏やかでしっとりとした声で話している。
逢川ポッド屋奈々不思議 第62回 （逢川奈々）_206.wav,行きたくなった確かにあの場あそこらへんて魅力的な行きたい場所がいっぱいあるんですよ まあいわゆる日本海側なんですけれども本当にそのまあ山口県もそうですしまあハギー,落ち着いた大人の女性が、穏やかでしっとりとした声で話している。
逢川ポッド屋奈々不思議 第62回 （逢川奈々）_207.wav,とかだよねああいうところだよねまあいわゆる中国地方って言われるとこですよ でもそこらへん例えば地図とか書いてとかここに何件があるか知ってるって言われたらさっぱり,落ち着いた大人の女性が、穏やかでしっとりとした声で話している。
逢川ポッド屋奈々不思議 第62回 （逢川奈々）_208.wav,どんちんかなわけでございますよ行ってみると意外となんかいろいろ面白くて何度も行きそうな場所でもあるんですがこの中国地方だけは盲点なんですよね面白,落ち着いた大人の女性が、穏やかでしっとりとした声で話している。
逢川ポッド屋奈々不思議 第62回 （逢川奈々）_209.wav,そうだなすごい魅力的ですというわけでちょっとなんか急にフラッと行きたくなりましたが以前も言ったこの話したことあると思うんですが四国とか中国,落ち着いた大人の女性が、穏やかでしっとりとした声で話している。
逢川ポッド屋奈々不思議 第62回 （逢川奈々）_210.wav,地方って電車で行くには遠いんですが飛行機で行くには近すぎるんですよだからねついねなかなかやっぱり行かない九州になるともう飛行機で行った方がいい,落ち着いた大人の女性が、穏やかでしっとりとした声で話している。
逢川ポッド屋奈々不思議 第62回 （逢川奈々）_211.wav,行く場所なのでもう飛行機で行ってまるっと九州を一周したいって思うんですけど中国とか四国はねなんか意外といつでも行けるんじゃと思うとどんどんどんどん後回しになって,落ち着いた大人の女性が、穏やかでしっとりとした声で話している。
逢川ポッド屋奈々不思議 第62回 （逢川奈々）_212.wav,しまうんですよね そういう場所ですでそういうところで何か時間かかるんだった東北地方とか行っちゃおうとか言ってしょっちゅう東北に入ってた人間なんでね 魅力的なんですがいい,落ち着いた大人の女性が、穏やかでしっとりとした声で話している。
逢川ポッド屋奈々不思議 第62回 （逢川奈々）_213.wav,になるだろうという場所でございますただこのお便りが非常に魅力的なので もしかしたらそう遠くない未来に中国地方にフラッと行くかもしれませんはいそんなわけでありがとうございますそして,落ち着いた大人の女性が、穏やかでしっとりとした声で話している。
逢川ポッド屋奈々不思議 第62回 （逢川奈々）_214.wav,最後はこの方ですねリクソンさんからのお便りですありがとうあいかわさんこんにちはリクソンです今回は青森県を津軽鉄道の国として紹介したいと思います,落ち着いた大人の女性が、穏やかでしっとりとした声で話している。
逢川ポッド屋奈々不思議 第62回 （逢川奈々）_215.wav,本州最北端を走る私鉄津軽鉄道は津軽地方を走るローカル鉄道で津鉄の相性で親しまれています津鉄でも,落ち着いた大人の女性が、穏やかでしっとりとした声で話している。
逢川ポッド屋奈々不思議 第62回 （逢川奈々）_216.wav,最も有名なのは冬のストーブ列車。聞いたことある。ですがストーブ列車、あ、てか乗ったよ。ストーブ列車に限らず四季折々に合わせた列車を走らせて。,落ち着いた大人の女性が、穏やかでしっとりとした声で話している。
逢川ポッド屋奈々不思議 第62回 （逢川奈々）_217.wav,乗客を楽しませてくれますちなみに私が訪れた時には車内いっぱいに風鈴が吊るされた風鈴列車でしたまた車窓から望む,落ち着いた大人の女性が、穏やかでしっとりとした声で話している。
逢川ポッド屋奈々不思議 第62回 （逢川奈々）_218.wav,いわき山やいわき山や津軽平野の絶景はそれだけで訪れる価値があり沿線にある太宰治の聖火車用館これも行ったとともに,落ち着いた大人の女性が、穏やかでしっとりとした声で話している。
逢川ポッド屋奈々不思議 第62回 （逢川奈々）_219.wav,ところでもありますぜひ一度リンゴだけではない青森を堪能しに津軽鉄道にご乗車ください 今回は7月に訪れた青森県を紹介してみました,落ち着いた大人の女性が、穏やかでしっとりとした声で話している。
逢川ポッド屋奈々不思議 第62回 （逢川奈々）_220.wav,さて番組再開おめでとうございます前回は不確認も投稿し忘れてしまいましたがお国自慢がコーナーとしてあってよかったですこれ残すよ更新ペースは少し落ちたようですが,落ち着いた大人の女性が、穏やかでしっとりとした声で話している。
逢川ポッド屋奈々不思議 第62回 （逢川奈々）_221.wav,あくまでも100回目指して投稿を続けたいと思いますので今後ともよろしくお願いいたしますお便りどうもありがとう私これ乗りました今思い出したあの前,落ち着いた大人の女性が、穏やかでしっとりとした声で話している。
逢川ポッド屋奈々不思議 第62回 （逢川奈々）_222.wav,結構何度かこの話をしていると思うんですが今から遡ることもう7年くらい前の話になるのか,落ち着いた大人の女性が、穏やかでしっとりとした声で話している。
逢川ポッド屋奈々不思議 第62回 （逢川奈々）_223.wav,東北一周旅行というのをしたんですすっごいこれは本当に面白くってあの東北の雪祭りやあの雪,落ち着いた大人の女性が、穏やかでしっとりとした声で話している。
逢川ポッド屋奈々不思議 第62回 （逢川奈々）_224.wav,木祭りを回ろうっていうやつだったん でまぁあの青森からスタートしてずーっと南下してってで最後は,落ち着いた大人の女性が、穏やかでしっとりとした声で話している。
逢川ポッド屋奈々不思議 第62回 （逢川奈々）_225.wav,えーとなんだっけあの焼きそばのあの場所ですよ横?横川?横川?,落ち着いた大人の女性が、穏やかでしっとりとした声で話している。
逢川ポッド屋奈々不思議 第62回 （逢川奈々）_226.wav,横川か横川っていうところに着いてでそこからあのバスで帰ったっていう夜行バスで帰ったっていうめっちゃ面白いそのもう一人の人が上手だったんですよ企画上手だったんですよ,落ち着いた大人の女性が、穏やかでしっとりとした声で話している。
逢川ポッド屋奈々不思議 第62回 （逢川奈々）_227.wav,その人が全部そういうのを調べてくれて彼女も旅行が好きなのであの旅行は傑作だったな一回怒らせてごめんねって感じだったんだけど素晴らしい旅行だったんですでその時,落ち着いた大人の女性が、穏やかでしっとりとした声で話している。
逢川ポッド屋奈々不思議 第62回 （逢川奈々）_228.wav,に乗りましたよこれストーブ列車 確かにストーブが焚いてあったのやっぱりみんなも観光したいのでまぁ平日 ではあったんですが意外,落ち着いた大人の女性が、穏やかでしっとりとした声で話している。
逢川ポッド屋奈々不思議 第62回 （逢川奈々）_229.wav,と人が乗っていてそのストーブ列車のストーブのところにみんなで写真とか撮って撮った撮った撮ったあー懐かしい乗ってで車用館も行きましたもん,落ち着いた大人の女性が、穏やかでしっとりとした声で話している。
逢川ポッド屋奈々不思議 第62回 （逢川奈々）_230.wav,太宰治のでちょうど雪が降ってた時かなんかだったのでつららかなんかをこんななんか折ったりとかしていやーあの旅行はね楽しかったなー,落ち着いた大人の女性が、穏やかでしっとりとした声で話している。
逢川ポッド屋奈々不思議 第62回 （逢川奈々）_231.wav,本当にいろんな雪祭りを一通り回って、最後は東北の一番南のところから帰るというところだったので、非常に充実した素晴らしい旅行だった。,落ち着いた大人の女性が、穏やかでしっとりとした声で話している。
逢川ポッド屋奈々不思議 第62回 （逢川奈々）_232.wav,どういうルートで行ったか覚えてないけど、あのツアーはもうないんだろう。もうできないよね。素晴らしかった。今思い出しても感動ですよ。はい、本当に行ってよかったんですが。,落ち着いた大人の女性が、穏やかでしっとりとした声で話している。
逢川ポッド屋奈々不思議 第62回 （逢川奈々）_233.wav,あーそうだったでねなんかこの車用館のすぐ近くでなんか変な見せ物みたいなのやっててでそこでなんかみんなシャミセンとか引いててなんかそういうものを見てみんな達者だねとか言いながら,落ち着いた大人の女性が、穏やかでしっとりとした声で話している。
逢川ポッド屋奈々不思議 第62回 （逢川奈々）_234.wav,帰った記憶があるなはいそんな旅行したのでそれを思い出させていただきましたね楽しかった東北ってほんといいとこなんですよ特にね個人的には冬がおすすめです,落ち着いた大人の女性が、穏やかでしっとりとした声で話している。
逢川ポッド屋奈々不思議 第62回 （逢川奈々）_235.wav,別にスキーなんかできなくたっていいんですよ冬の時にちょっと雪とか大変ですけど冬がいいと思いますねはい,落ち着いた大人の女性が、穏やかでしっとりとした声で話している。
逢川ポッド屋奈々不思議 第62回 （逢川奈々）_236.wav,そんなわけで、どうもありがとうございます。いやー、なんか楽しい思い出ですよ。,落ち着いた大人の女性が、穏やかでしっとりとした声で話している。
逢川ポッド屋奈々不思議 第62回 （逢川奈々）_237.wav,というわけでねあの僕の国自慢コーナーねさっきあのちょっとディレクターから一つアドバイスがさっきのは文字工という,落ち着いた大人の女性が、穏やかでしっとりとした声で話している。
逢川ポッド屋奈々不思議 第62回 （逢川奈々）_238.wav,お名前なんですね地名に関して調べてこいよって言われそうですがほんと行き当たりばったりなのでね文字工って言うんですってはいまあ今回は非常にあのどっちの,落ち着いた大人の女性が、穏やかでしっとりとした声で話している。
逢川ポッド屋奈々不思議 第62回 （逢川奈々）_239.wav,よりも1個は行ったことがある懐かしいでもう1個は行ってみたい行ったことないけど行ってみたいっていうので非常に楽しい思いをさせていただきましたありがとう,落ち着いた大人の女性が、穏やかでしっとりとした声で話している。
逢川ポッド屋奈々不思議 第62回 （逢川奈々）_240.wav,というわけで、僕の国自慢コーナーでは、いつでもお便りを募集しておりますので、ぜひ送ってください。心の底からお待ちしております。,落ち着いた大人の女性が、穏やかでしっとりとした声で話している。
逢川ポッド屋奈々不思議 第62回 （逢川奈々）_254.wav,というわけでね皆さんいつもありがとうアイカーポテア7不思議はいえっと次回第63回ですねあのまたぜひお便りを送ってくださいでまたぜひ次も聞いていただければ,落ち着いた大人の女性が、穏やかでしっとりとした声で話している。
逢川ポッド屋奈々不思議 第62回 （逢川奈々）_255.wav,と思いますというわけで相川菜奈でした,落ち着いた大人の女性が、穏やかでしっとりとした声で話している。
